system:index,deforestationHistogram 2000-2010,deforestationHistogram 2000-2018,deforestationHistogram 2010-2018,forestHistogram 2000,forestHistogram 2010,forestHistogram 2018,plotID,reforestationHistogram 2000-2010,reforestationHistogram 2000-2018,reforestationHistogram 2010-2018,.geo
00000000000000000219,"{type=[[0.0, 893.5137254901961], [1.0, 2.0]]}","{type=[[0.0, 893.5137254901961], [1.0, 2.0]]}","{type=[[0.0, 895.5137254901955]]}","{type=[[0.0, 23.023529411764706], [1.0, 872.4901960784308]]}","{type=[[0.0, 25.023529411764706], [1.0, 870.4901960784308]]}","{type=[[0.0, 25.023529411764706], [1.0, 870.4901960784308]]}",518436450,"{type=[[0.0, 895.5137254901955]]}","{type=[[0.0, 895.5137254901955]]}","{type=[[0.0, 895.5137254901955]]}",
0000000000000000021a,"{type=[[0.0, 905.654901960784], [1.0, 0.00784313725490196]]}","{type=[[0.0, 880.8666666666666], [1.0, 24.796078431372553]]}","{type=[[0.0, 880.8745098039215], [1.0, 24.78823529411765]]}","{type=[[0.0, 56.21568627450981], [1.0, 849.4470588235293]]}","{type=[[0.0, 56.22352941176471], [1.0, 849.4392156862745]]}","{type=[[0.0, 81.01176470588237], [1.0, 824.6509803921568]]}",519013848,"{type=[[0.0, 905.6627450980392]]}","{type=[[0.0, 905.6627450980392]]}","{type=[[0.0, 905.6627450980392]]}",
0000000000000000021b,"{type=[[0.0, 905.0470588235291]]}","{type=[[0.0, 900.8666666666664], [1.0, 4.180392156862745]]}","{type=[[0.0, 900.8666666666664], [1.0, 4.180392156862745]]}","{type=[[0.0, 205.25098039215692], [1.0, 699.7960784313723]]}","{type=[[0.0, 205.25098039215692], [1.0, 699.7960784313723]]}","{type=[[0.0, 209.43137254901967], [1.0, 695.6156862745094]]}",519026964,"{type=[[0.0, 905.0470588235291]]}","{type=[[0.0, 905.0470588235291]]}","{type=[[0.0, 905.0470588235291]]}",
0000000000000000024b,"{type=[[0.0, 888.7254901960782], [1.0, 25.266666666666666]]}","{type=[[0.0, 869.9215686274508], [1.0, 44.070588235294125]]}","{type=[[0.0, 895.1882352941175], [1.0, 18.80392156862745]]}","{type=[[0.0, 129.57254901960783], [1.0, 784.419607843137]]}","{type=[[0.0, 154.8392156862745], [1.0, 759.1529411764702]]}","{type=[[0.0, 173.64313725490192], [1.0, 740.3490196078428]]}",519348308,"{type=[[0.0, 913.992156862745]]}","{type=[[0.0, 913.992156862745]]}","{type=[[0.0, 913.992156862745]]}",
0000000000000000024c,"{type=[[0.0, 916.0666666666666], [1.0, 3.215686274509804]]}","{type=[[0.0, 903.0666666666666], [1.0, 16.215686274509803]]}","{type=[[0.0, 906.2823529411764], [1.0, 13.0]]}","{type=[[0.0, 57.10980392156863], [1.0, 862.1725490196078]]}","{type=[[0.0, 60.325490196078434], [1.0, 858.956862745098]]}","{type=[[0.0, 73.32549019607842], [1.0, 845.956862745098]]}",519853489,"{type=[[0.0, 919.2823529411764]]}","{type=[[0.0, 919.2823529411764]]}","{type=[[0.0, 919.2823529411764]]}",
0000000000000000024d,"{type=[[0.0, 911.4862745098039]]}","{type=[[0.0, 897.4862745098039], [1.0, 14.0]]}","{type=[[0.0, 897.4862745098039], [1.0, 14.0]]}","{type=[[0.0, 52.07450980392157], [1.0, 859.4117647058824]]}","{type=[[0.0, 52.07450980392157], [1.0, 859.4117647058824]]}","{type=[[0.0, 66.07450980392159], [1.0, 845.4117647058824]]}",519387632,"{type=[[0.0, 911.4862745098039]]}","{type=[[0.0, 911.4862745098039]]}","{type=[[0.0, 911.4862745098039]]}",
0000000000000000024e,"{type=[[0.0, 874.0274509803918], [1.0, 40.86666666666666]]}","{type=[[0.0, 811.2745098039212], [1.0, 103.61960784313725]]}","{type=[[0.0, 852.141176470588], [1.0, 62.75294117647059]]}","{type=[[0.0, 112.6980392156863], [1.0, 802.1960784313724]]}","{type=[[0.0, 153.5647058823529], [1.0, 761.3294117647058]]}","{type=[[0.0, 216.3176470588235], [1.0, 698.5764705882352]]}",519335147,"{type=[[0.0, 914.8941176470585]]}","{type=[[0.0, 914.8941176470585]]}","{type=[[0.0, 914.8941176470585]]}",
0000000000000000024f,"{type=[[0.0, 906.654901960784]]}","{type=[[0.0, 906.654901960784]]}","{type=[[0.0, 906.654901960784]]}","{type=[[0.0, 670.3058823529409], [1.0, 236.34901960784313]]}","{type=[[0.0, 670.3058823529409], [1.0, 236.34901960784313]]}","{type=[[0.0, 670.3058823529409], [1.0, 236.34901960784313]]}",518836522,"{type=[[0.0, 906.654901960784]]}","{type=[[0.0, 906.654901960784]]}","{type=[[0.0, 906.654901960784]]}",
00000000000000000250,"{type=[[0.0, 895.1960784313728], [1.0, 3.0]]}","{type=[[0.0, 863.3098039215689], [1.0, 34.886274509803926]]}","{type=[[0.0, 866.3098039215689], [1.0, 31.886274509803922]]}","{type=[[0.0, 11.984313725490194], [1.0, 886.2117647058827]]}","{type=[[0.0, 14.984313725490196], [1.0, 883.2117647058827]]}","{type=[[0.0, 46.87058823529412], [1.0, 851.3254901960787]]}",518705313,"{type=[[0.0, 898.1960784313729]]}","{type=[[0.0, 898.1960784313729]]}","{type=[[0.0, 898.1960784313729]]}",
00000000000000000251,"{type=[[0.0, 884.8705882352941], [1.0, 20.819607843137256]]}","{type=[[0.0, 897.6901960784314], [1.0, 8.0]]}","{type=[[0.0, 905.6901960784314]]}","{type=[[0.0, 32.14901960784314], [1.0, 873.5411764705883]]}","{type=[[0.0, 52.968627450980385], [1.0, 852.721568627451]]}","{type=[[0.0, 40.14901960784314], [1.0, 865.5411764705883]]}",518816845,"{type=[[0.0, 905.6901960784314]]}","{type=[[0.0, 905.6901960784314]]}","{type=[[0.0, 892.8705882352941], [1.0, 12.819607843137256]]}",
00000000000000000252,"{type=[[0.0, 866.8784313725491], [1.0, 33.0]]}","{type=[[0.0, 865.8784313725492], [1.0, 34.0]]}","{type=[[0.0, 896.8784313725488], [1.0, 3.0]]}","{type=[[0.0, 58.89019607843137], [1.0, 840.9882352941178]]}","{type=[[0.0, 91.89019607843137], [1.0, 807.9882352941175]]}","{type=[[0.0, 90.89019607843137], [1.0, 808.9882352941175]]}",518619999,"{type=[[0.0, 899.8784313725492]]}","{type=[[0.0, 897.8784313725491], [1.0, 2.0]]}","{type=[[0.0, 895.8784313725491], [1.0, 4.0]]}",
00000000000000000253,"{type=[[0.0, 904.3019607843142]]}","{type=[[0.0, 904.3019607843142]]}","{type=[[0.0, 904.3019607843142]]}","{type=[[1.0, 904.3019607843142]]}","{type=[[1.0, 904.3019607843142]]}","{type=[[1.0, 904.3019607843142]]}",518856180,"{type=[[0.0, 904.3019607843142]]}","{type=[[0.0, 904.3019607843142]]}","{type=[[0.0, 904.3019607843142]]}",
00000000000000000254,"{type=[[0.0, 879.2980392156862], [1.0, 26.8]]}","{type=[[0.0, 815.5450980392156], [1.0, 90.55294117647057]]}","{type=[[0.0, 842.3450980392159], [1.0, 63.75294117647059]]}","{type=[[0.0, 154.14901960784317], [1.0, 751.9490196078434]]}","{type=[[0.0, 180.9490196078432], [1.0, 725.1490196078432]]}","{type=[[0.0, 244.70196078431377], [1.0, 661.3960784313729]]}",518711825,"{type=[[0.0, 906.0980392156863]]}","{type=[[0.0, 906.0980392156863]]}","{type=[[0.0, 906.0980392156863]]}",
00000000000000000255,"{type=[[0.0, 901.7137254901962]]}","{type=[[0.0, 901.7137254901962]]}","{type=[[0.0, 901.7137254901962]]}","{type=[[0.0, 777.9098039215688], [1.0, 123.80392156862743]]}","{type=[[0.0, 777.9098039215688], [1.0, 123.80392156862743]]}","{type=[[0.0, 777.9098039215688], [1.0, 123.80392156862743]]}",518626546,"{type=[[0.0, 901.7137254901962]]}","{type=[[0.0, 901.7137254901962]]}","{type=[[0.0, 901.7137254901962]]}",
00000000000000000256,"{type=[[0.0, 896.8078431372552]]}","{type=[[0.0, 896.8078431372552]]}","{type=[[0.0, 896.8078431372552]]}","{type=[[0.0, 896.8078431372552]]}","{type=[[0.0, 896.8078431372552]]}","{type=[[0.0, 896.8078431372552]]}",518285368,"{type=[[0.0, 896.8078431372552]]}","{type=[[0.0, 896.8078431372552]]}","{type=[[0.0, 896.8078431372552]]}",
00000000000000000257,"{type=[[0.0, 772.1333333333336], [1.0, 128.26666666666665]]}","{type=[[0.0, 777.8705882352942], [1.0, 122.52941176470588]]}","{type=[[0.0, 899.427450980392], [1.0, 0.9725490196078431]]}","{type=[[0.0, 124.85098039215686], [1.0, 775.5490196078433]]}","{type=[[0.0, 253.11764705882354], [1.0, 647.2823529411766]]}","{type=[[0.0, 246.57647058823528], [1.0, 653.8235294117646]]}",518370655,"{type=[[0.0, 900.3999999999999]]}","{type=[[0.0, 899.5960784313725], [1.0, 0.803921568627451]]}","{type=[[0.0, 892.8862745098039], [1.0, 7.513725490196078]]}",
00000000000000000258,"{type=[[0.0, 888.0666666666666], [1.0, 11.0]]}","{type=[[0.0, 739.0666666666668], [1.0, 160.0]]}","{type=[[0.0, 750.0666666666668], [1.0, 149.0]]}","{type=[[0.0, 56.54509803921569], [1.0, 842.5215686274512]]}","{type=[[0.0, 67.54509803921569], [1.0, 831.5215686274512]]}","{type=[[0.0, 216.54509803921567], [1.0, 682.521568627451]]}",518442824,"{type=[[0.0, 899.0666666666667]]}","{type=[[0.0, 899.0666666666667]]}","{type=[[0.0, 899.0666666666667]]}",
00000000000000000259,"{type=[[0.0, 872.4078431372546], [1.0, 21.298039215686273]]}","{type=[[0.0, 856.0666666666664], [1.0, 37.63921568627451]]}","{type=[[0.0, 877.3647058823527], [1.0, 16.341176470588234]]}","{type=[[0.0, 23.0], [1.0, 870.7058823529409]]}","{type=[[0.0, 44.29803921568627], [1.0, 849.4078431372546]]}","{type=[[0.0, 60.639215686274504], [1.0, 833.0666666666665]]}",518245980,"{type=[[0.0, 893.7058823529409]]}","{type=[[0.0, 893.7058823529409]]}","{type=[[0.0, 893.7058823529409]]}",
0000000000000000025a,"{type=[[0.0, 845.4745098039211], [1.0, 53.674509803921566]]}","{type=[[0.0, 837.4745098039211], [1.0, 61.674509803921566]]}","{type=[[0.0, 891.1490196078427], [1.0, 8.0]]}","{type=[[0.0, 99.59607843137256], [1.0, 799.5529411764701]]}","{type=[[0.0, 153.27058823529413], [1.0, 745.8784313725487]]}","{type=[[0.0, 161.27058823529413], [1.0, 737.8784313725487]]}",518337837,"{type=[[0.0, 899.1490196078427]]}","{type=[[0.0, 899.1490196078427]]}","{type=[[0.0, 899.1490196078427]]}",
0000000000000000025b,"{type=[[0.0, 891.003921568628], [1.0, 7.792156862745098]]}","{type=[[0.0, 807.6000000000004], [1.0, 91.19607843137256]]}","{type=[[0.0, 813.3921568627454], [1.0, 85.40392156862745]]}","{type=[[0.0, 81.46666666666668], [1.0, 817.3294117647062]]}","{type=[[0.0, 89.25882352941179], [1.0, 809.5372549019611]]}","{type=[[0.0, 172.6627450980392], [1.0, 726.1333333333336]]}",518541217,"{type=[[0.0, 898.7960784313731]]}","{type=[[0.0, 898.7960784313731]]}","{type=[[0.0, 896.7960784313727], [1.0, 2.0]]}",
0000000000000000025c,"{type=[[0.0, 900.8509803921571]]}","{type=[[0.0, 858.0431372549021], [1.0, 42.8078431372549]]}","{type=[[0.0, 858.0431372549021], [1.0, 42.8078431372549]]}","{type=[[0.0, 87.89019607843137], [1.0, 812.9607843137255]]}","{type=[[0.0, 87.89019607843137], [1.0, 812.9607843137255]]}","{type=[[0.0, 130.6980392156863], [1.0, 770.1529411764707]]}",518672437,"{type=[[0.0, 900.8509803921571]]}","{type=[[0.0, 900.8509803921571]]}","{type=[[0.0, 900.8509803921571]]}",
0000000000000000025d,"{type=[[0.0, 907.8901960784311]]}","{type=[[0.0, 907.8901960784311]]}","{type=[[0.0, 907.8901960784311]]}","{type=[[0.0, 34.06666666666667], [1.0, 873.8235294117645]]}","{type=[[0.0, 34.06666666666667], [1.0, 873.8235294117645]]}","{type=[[0.0, 34.06666666666667], [1.0, 873.8235294117645]]}",518934896,"{type=[[0.0, 907.8901960784311]]}","{type=[[0.0, 907.8901960784311]]}","{type=[[0.0, 907.8901960784311]]}",
0000000000000000025e,"{type=[[0.0, 893.0509803921568], [1.0, 16.0]]}","{type=[[0.0, 835.050980392157], [1.0, 74.0]]}","{type=[[0.0, 851.050980392157], [1.0, 58.0]]}","{type=[[0.0, 163.11764705882354], [1.0, 745.9333333333334]]}","{type=[[0.0, 179.11764705882354], [1.0, 729.9333333333334]]}","{type=[[0.0, 237.11764705882354], [1.0, 671.9333333333334]]}",519013637,"{type=[[0.0, 909.0509803921568]]}","{type=[[0.0, 909.0509803921568]]}","{type=[[0.0, 909.0509803921568]]}",
0000000000000000025f,"{type=[[0.0, 908.9294117647056]]}","{type=[[0.0, 904.9294117647056], [1.0, 4.0]]}","{type=[[0.0, 904.9294117647056], [1.0, 4.0]]}","{type=[[0.0, 286.8862745098039], [1.0, 622.0431372549018]]}","{type=[[0.0, 286.8862745098039], [1.0, 622.0431372549018]]}","{type=[[0.0, 290.88627450980397], [1.0, 618.0431372549019]]}",519046432,"{type=[[0.0, 908.9294117647056]]}","{type=[[0.0, 908.9294117647056]]}","{type=[[0.0, 908.9294117647056]]}",
00000000000000000260,"{type=[[0.0, 904.0156862745097]]}","{type=[[0.0, 904.0156862745097]]}","{type=[[0.0, 904.0156862745097]]}","{type=[[0.0, 904.0156862745097]]}","{type=[[0.0, 904.0156862745097]]}","{type=[[0.0, 904.0156862745097]]}",518967661,"{type=[[0.0, 904.0156862745097]]}","{type=[[0.0, 904.0156862745097]]}","{type=[[0.0, 904.0156862745097]]}",
00000000000000000261,"{type=[[0.0, 909.6352941176472]]}","{type=[[0.0, 909.6352941176472]]}","{type=[[0.0, 909.6352941176472]]}","{type=[[0.0, 909.6352941176472]]}","{type=[[0.0, 909.6352941176472]]}","{type=[[0.0, 909.6352941176472]]}",518797066,"{type=[[0.0, 909.6352941176472]]}","{type=[[0.0, 909.6352941176472]]}","{type=[[0.0, 909.6352941176472]]}",
00000000000000000262,"{type=[[0.0, 912.5019607843138]]}","{type=[[0.0, 912.5019607843138]]}","{type=[[0.0, 912.5019607843138]]}","{type=[[0.0, 819.4431372549021], [1.0, 93.05882352941177]]}","{type=[[0.0, 819.4431372549021], [1.0, 93.05882352941177]]}","{type=[[0.0, 819.4431372549021], [1.0, 93.05882352941177]]}",519033257,"{type=[[0.0, 912.5019607843138]]}","{type=[[0.0, 912.5019607843138]]}","{type=[[0.0, 912.5019607843138]]}",
00000000000000000263,"{type=[[0.0, 903.1882352941182]]}","{type=[[0.0, 903.1882352941182]]}","{type=[[0.0, 903.1882352941182]]}","{type=[[0.0, 903.1882352941182]]}","{type=[[0.0, 903.1882352941182]]}","{type=[[0.0, 903.1882352941182]]}",518888911,"{type=[[0.0, 903.1882352941182]]}","{type=[[0.0, 903.1882352941182]]}","{type=[[0.0, 903.1882352941182]]}",
00000000000000000264,"{type=[[0.0, 888.9215686274508], [1.0, 16.0]]}","{type=[[0.0, 876.9215686274508], [1.0, 28.0]]}","{type=[[0.0, 892.9215686274508], [1.0, 12.0]]}","{type=[[0.0, 176.2941176470588], [1.0, 728.627450980392]]}","{type=[[0.0, 192.2941176470588], [1.0, 712.627450980392]]}","{type=[[0.0, 204.29411764705884], [1.0, 700.6274509803919]]}",518777360,"{type=[[0.0, 904.9215686274508]]}","{type=[[0.0, 904.9215686274508]]}","{type=[[0.0, 904.9215686274508]]}",
00000000000000000265,"{type=[[0.0, 889.5372549019608], [1.0, 13.450980392156861]]}","{type=[[0.0, 856.2862745098039], [1.0, 46.70196078431372]]}","{type=[[0.0, 869.7372549019608], [1.0, 33.25098039215686]]}","{type=[[0.0, 202.52941176470588], [1.0, 700.4588235294119]]}","{type=[[0.0, 215.98039215686276], [1.0, 687.007843137255]]}","{type=[[0.0, 249.23137254901962], [1.0, 653.7568627450981]]}",518554280,"{type=[[0.0, 902.9882352941177]]}","{type=[[0.0, 902.9882352941177]]}","{type=[[0.0, 902.9882352941177]]}",
00000000000000000266,"{type=[[0.0, 898.5176470588237], [1.0, 4.0]]}","{type=[[0.0, 826.5960784313729], [1.0, 75.92156862745098]]}","{type=[[0.0, 830.5960784313729], [1.0, 71.92156862745098]]}","{type=[[0.0, 40.98039215686275], [1.0, 861.5372549019611]]}","{type=[[0.0, 44.98039215686275], [1.0, 857.5372549019611]]}","{type=[[0.0, 116.90196078431373], [1.0, 785.6156862745103]]}",518685488,"{type=[[0.0, 902.5176470588239]]}","{type=[[0.0, 902.5176470588239]]}","{type=[[0.0, 902.5176470588239]]}",
00000000000000000267,"{type=[[0.0, 880.0901960784312], [1.0, 14.152941176470588]]}","{type=[[0.0, 875.2274509803918], [1.0, 19.015686274509807]]}","{type=[[0.0, 889.3803921568624], [1.0, 4.862745098039216]]}","{type=[[0.0, 294.07843137254906], [1.0, 600.1647058823527]]}","{type=[[0.0, 308.2313725490196], [1.0, 586.0117647058821]]}","{type=[[0.0, 313.09411764705885], [1.0, 581.1490196078429]]}",518088449,"{type=[[0.0, 894.2431372549016]]}","{type=[[0.0, 894.2431372549016]]}","{type=[[0.0, 894.2431372549016]]}",
00000000000000000268,"{type=[[0.0, 833.0588235294119], [1.0, 58.6235294117647]]}","{type=[[0.0, 782.0627450980394], [1.0, 109.61960784313726]]}","{type=[[0.0, 840.6862745098041], [1.0, 50.99607843137255]]}","{type=[[0.0, 32.66666666666667], [1.0, 859.0156862745101]]}","{type=[[0.0, 91.05098039215689], [1.0, 800.6313725490198]]}","{type=[[0.0, 140.0470588235294], [1.0, 751.6352941176474]]}",517793227,"{type=[[0.0, 891.4431372549021], [1.0, 0.23921568627450981]]}","{type=[[0.0, 889.4431372549022], [1.0, 2.23921568627451]]}","{type=[[0.0, 889.6823529411763], [1.0, 2.0]]}",
00000000000000000269,"{type=[[0.0, 891.7254901960782]]}","{type=[[0.0, 814.1921568627448], [1.0, 77.53333333333335]]}","{type=[[0.0, 814.1921568627448], [1.0, 77.53333333333335]]}","{type=[[0.0, 109.96470588235294], [1.0, 781.7607843137251]]}","{type=[[0.0, 109.96470588235294], [1.0, 781.7607843137251]]}","{type=[[0.0, 184.54117647058823], [1.0, 707.18431372549]]}",517891644,"{type=[[0.0, 891.7254901960782]]}","{type=[[0.0, 888.7686274509805], [1.0, 2.9568627450980394]]}","{type=[[0.0, 888.7686274509805], [1.0, 2.9568627450980394]]}",
0000000000000000026a,"{type=[[0.0, 897.1568627450981]]}","{type=[[0.0, 830.4431372549019], [1.0, 66.71372549019608]]}","{type=[[0.0, 830.4431372549019], [1.0, 66.71372549019608]]}","{type=[[0.0, 225.3019607843137], [1.0, 671.8549019607843]]}","{type=[[0.0, 225.3019607843137], [1.0, 671.8549019607843]]}","{type=[[0.0, 292.01568627450985], [1.0, 605.1411764705883]]}",518173782,"{type=[[0.0, 897.1568627450981]]}","{type=[[0.0, 897.1568627450981]]}","{type=[[0.0, 897.1568627450981]]}",
0000000000000000026b,"{type=[[0.0, 898.2196078431374], [1.0, 2.435294117647059]]}","{type=[[0.0, 800.2274509803921], [1.0, 100.42745098039215]]}","{type=[[0.0, 802.6627450980392], [1.0, 97.99215686274509]]}","{type=[[0.0, 113.32156862745099], [1.0, 787.3333333333334]]}","{type=[[0.0, 115.75686274509805], [1.0, 784.8980392156864]]}","{type=[[0.0, 213.7490196078432], [1.0, 686.9058823529411]]}",518350919,"{type=[[0.0, 900.6549019607843]]}","{type=[[0.0, 900.6549019607843]]}","{type=[[0.0, 900.6549019607843]]}",
0000000000000000026c,"{type=[[0.0, 893.7764705882354]]}","{type=[[0.0, 893.6431372549023], [1.0, 0.13333333333333333]]}","{type=[[0.0, 893.6431372549023], [1.0, 0.13333333333333333]]}","{type=[[0.0, 393.6588235294116], [1.0, 500.1176470588236]]}","{type=[[0.0, 393.6588235294116], [1.0, 500.1176470588236]]}","{type=[[0.0, 393.79215686274495], [1.0, 499.98431372549027]]}",518245971,"{type=[[0.0, 893.7764705882354]]}","{type=[[0.0, 893.7764705882354]]}","{type=[[0.0, 893.7764705882354]]}",
0000000000000000026d,"{type=[[0.0, 887.8], [1.0, 6.0]]}","{type=[[0.0, 790.1725490196079], [1.0, 103.62745098039217]]}","{type=[[0.0, 796.1725490196079], [1.0, 97.62745098039217]]}","{type=[[0.0, 44.0], [1.0, 849.7999999999998]]}","{type=[[0.0, 50.0], [1.0, 843.7999999999998]]}","{type=[[0.0, 147.62745098039215], [1.0, 746.1725490196079]]}",518075384,"{type=[[0.0, 893.7999999999998]]}","{type=[[0.0, 893.7999999999998]]}","{type=[[0.0, 893.7999999999998]]}",
0000000000000000026e,"{type=[[0.0, 889.639215686275]]}","{type=[[0.0, 864.4862745098042], [1.0, 25.15294117647059]]}","{type=[[0.0, 864.4862745098042], [1.0, 25.15294117647059]]}","{type=[[0.0, 236.56078431372552], [1.0, 653.0784313725492]]}","{type=[[0.0, 236.56078431372552], [1.0, 653.0784313725492]]}","{type=[[0.0, 261.71372549019617], [1.0, 627.9254901960784]]}",518016337,"{type=[[0.0, 889.639215686275]]}","{type=[[0.0, 889.639215686275]]}","{type=[[0.0, 889.639215686275]]}",
0000000000000000026f,"{type=[[0.0, 886.098039215686]]}","{type=[[0.0, 882.0980392156861], [1.0, 4.0]]}","{type=[[0.0, 882.0980392156861], [1.0, 4.0]]}","{type=[[0.0, 111.32549019607843], [1.0, 774.7725490196076]]}","{type=[[0.0, 111.32549019607843], [1.0, 774.7725490196076]]}","{type=[[0.0, 115.32549019607843], [1.0, 770.7725490196077]]}",517589874,"{type=[[0.0, 886.098039215686]]}","{type=[[0.0, 886.098039215686]]}","{type=[[0.0, 886.098039215686]]}",
00000000000000000270,"{type=[[0.0, 809.5529411764707], [1.0, 76.67843137254903]]}","{type=[[0.0, 693.5294117647056], [1.0, 192.70196078431374]]}","{type=[[0.0, 764.2274509803921], [1.0, 122.00392156862743]]}","{type=[[0.0, 108.25098039215688], [1.0, 777.9803921568628]]}","{type=[[0.0, 184.92941176470586], [1.0, 701.3019607843138]]}","{type=[[0.0, 300.9529411764706], [1.0, 585.2784313725491]]}",517491425,"{type=[[0.0, 886.2313725490197]]}","{type=[[0.0, 886.2313725490197]]}","{type=[[0.0, 880.2509803921569], [1.0, 5.980392156862745]]}",
00000000000000000271,"{type=[[0.0, 883.7490196078437], [1.0, 5.180392156862745]]}","{type=[[0.0, 815.2274509803926], [1.0, 73.70196078431373]]}","{type=[[0.0, 820.4078431372556], [1.0, 68.52156862745097]]}","{type=[[0.0, 253.3764705882353], [1.0, 635.5529411764708]]}","{type=[[0.0, 258.55686274509804], [1.0, 630.3725490196081]]}","{type=[[0.0, 327.07843137254906], [1.0, 561.8509803921569]]}",517570157,"{type=[[0.0, 888.9294117647065]]}","{type=[[0.0, 888.9294117647065]]}","{type=[[0.0, 888.9294117647065]]}",
00000000000000000272,"{type=[[0.0, 872.3882352941176], [1.0, 15.0]]}","{type=[[0.0, 716.913725490196], [1.0, 170.47450980392156]]}","{type=[[0.0, 729.913725490196], [1.0, 157.47450980392156]]}","{type=[[0.0, 9.666666666666668], [1.0, 877.7215686274509]]}","{type=[[0.0, 24.666666666666664], [1.0, 862.7215686274509]]}","{type=[[0.0, 180.14117647058822], [1.0, 707.2470588235294]]}",517563600,"{type=[[0.0, 887.3882352941176]]}","{type=[[0.0, 887.3882352941176]]}","{type=[[0.0, 885.3882352941177], [1.0, 2.0]]}",
00000000000000000273,"{type=[[0.0, 883.5176470588237], [1.0, 5.929411764705883]]}","{type=[[0.0, 882.5921568627451], [1.0, 6.854901960784313]]}","{type=[[0.0, 885.5921568627451], [1.0, 3.8549019607843134]]}","{type=[[0.0, 218.1254901960784], [1.0, 671.3215686274509]]}","{type=[[0.0, 224.05490196078426], [1.0, 665.392156862745]]}","{type=[[0.0, 224.9803921568627], [1.0, 664.4666666666667]]}",517753873,"{type=[[0.0, 889.4470588235295]]}","{type=[[0.0, 889.4470588235295]]}","{type=[[0.0, 886.5176470588237], [1.0, 2.9294117647058826]]}",
00000000000000000274,"{type=[[0.0, 887.8078431372547]]}","{type=[[0.0, 887.8078431372547]]}","{type=[[0.0, 887.8078431372547]]}","{type=[[0.0, 818.0823529411763], [1.0, 69.72549019607843]]}","{type=[[0.0, 818.0823529411763], [1.0, 69.72549019607843]]}","{type=[[0.0, 818.0823529411763], [1.0, 69.72549019607843]]}",517727682,"{type=[[0.0, 887.8078431372547]]}","{type=[[0.0, 887.8078431372547]]}","{type=[[0.0, 887.8078431372547]]}",
00000000000000000275,"{type=[[0.0, 887.529411764706], [1.0, 6.0]]}","{type=[[0.0, 881.529411764706], [1.0, 12.0]]}","{type=[[0.0, 887.529411764706], [1.0, 6.0]]}","{type=[[0.0, 253.94901960784316], [1.0, 639.5803921568629]]}","{type=[[0.0, 259.94901960784324], [1.0, 633.5803921568628]]}","{type=[[0.0, 265.9490196078431], [1.0, 627.5803921568628]]}",517904827,"{type=[[0.0, 893.5294117647059]]}","{type=[[0.0, 893.5294117647059]]}","{type=[[0.0, 893.5294117647059]]}",
00000000000000000276,"{type=[[0.0, 853.2784313725491], [1.0, 44.31372549019607]]}","{type=[[0.0, 845.9921568627452], [1.0, 51.6]]}","{type=[[0.0, 867.5921568627452], [1.0, 30.0]]}","{type=[[0.0, 41.35686274509804], [1.0, 856.235294117647]]}","{type=[[0.0, 85.67058823529412], [1.0, 811.9215686274509]]}","{type=[[0.0, 90.96078431372548], [1.0, 806.6313725490196]]}",518206634,"{type=[[0.0, 897.5921568627452]]}","{type=[[0.0, 895.5960784313725], [1.0, 1.996078431372549]]}","{type=[[0.0, 872.8823529411766], [1.0, 24.70980392156863]]}",
00000000000000000277,"{type=[[0.0, 879.8901960784316], [1.0, 11.0]]}","{type=[[0.0, 836.8901960784315], [1.0, 54.0]]}","{type=[[0.0, 847.8901960784315], [1.0, 43.0]]}","{type=[[0.0, 26.92549019607843], [1.0, 863.964705882353]]}","{type=[[0.0, 37.925490196078435], [1.0, 852.964705882353]]}","{type=[[0.0, 80.92549019607844], [1.0, 809.964705882353]]}",518154159,"{type=[[0.0, 890.8901960784315]]}","{type=[[0.0, 890.8901960784315]]}","{type=[[0.0, 890.8901960784315]]}",
00000000000000000278,"{type=[[0.0, 893.788235294118]]}","{type=[[0.0, 837.8078431372552], [1.0, 55.98039215686275]]}","{type=[[0.0, 837.8078431372552], [1.0, 55.98039215686275]]}","{type=[[0.0, 267.36862745098045], [1.0, 626.4196078431373]]}","{type=[[0.0, 267.36862745098045], [1.0, 626.4196078431373]]}","{type=[[0.0, 321.1529411764707], [1.0, 572.6352941176472]]}",518055741,"{type=[[0.0, 893.788235294118]]}","{type=[[0.0, 891.5921568627454], [1.0, 2.196078431372549]]}","{type=[[0.0, 891.5921568627454], [1.0, 2.196078431372549]]}",
00000000000000000279,"{type=[[0.0, 888.3058823529414]]}","{type=[[0.0, 888.3058823529414]]}","{type=[[0.0, 888.3058823529414]]}","{type=[[0.0, 47.996078431372545], [1.0, 840.3098039215687]]}","{type=[[0.0, 47.996078431372545], [1.0, 840.3098039215687]]}","{type=[[0.0, 47.996078431372545], [1.0, 840.3098039215687]]}",517917963,"{type=[[0.0, 888.3058823529414]]}","{type=[[0.0, 888.3058823529414]]}","{type=[[0.0, 888.3058823529414]]}",
0000000000000000027a,"{type=[[0.0, 890.3372549019607], [1.0, 2.0]]}","{type=[[0.0, 865.035294117647], [1.0, 27.301960784313724]]}","{type=[[0.0, 867.035294117647], [1.0, 25.301960784313724]]}","{type=[[0.0, 24.729411764705883], [1.0, 867.6078431372549]]}","{type=[[0.0, 26.729411764705883], [1.0, 865.6078431372549]]}","{type=[[0.0, 52.03137254901961], [1.0, 840.3058823529412]]}",517977039,"{type=[[0.0, 892.3372549019607]]}","{type=[[0.0, 892.3372549019607]]}","{type=[[0.0, 892.3372549019607]]}",
0000000000000000027b,"{type=[[0.0, 893.2470588235292]]}","{type=[[0.0, 878.8745098039215], [1.0, 14.372549019607842]]}","{type=[[0.0, 878.8745098039215], [1.0, 14.372549019607842]]}","{type=[[0.0, 335.1490196078432], [1.0, 558.0980392156862]]}","{type=[[0.0, 335.1490196078432], [1.0, 558.0980392156862]]}","{type=[[0.0, 349.521568627451], [1.0, 543.7254901960785]]}",518016405,"{type=[[0.0, 893.2470588235292]]}","{type=[[0.0, 893.2470588235292]]}","{type=[[0.0, 893.2470588235292]]}",
0000000000000000027c,"{type=[[0.0, 884.4823529411758], [1.0, 10.0]]}","{type=[[0.0, 884.4823529411758], [1.0, 10.0]]}","{type=[[0.0, 894.4823529411758]]}","{type=[[0.0, 246.64705882352948], [1.0, 647.8352941176469]]}","{type=[[0.0, 256.64705882352945], [1.0, 637.8352941176469]]}","{type=[[0.0, 256.64705882352945], [1.0, 637.8352941176469]]}",517990144,"{type=[[0.0, 894.4823529411758]]}","{type=[[0.0, 894.4823529411758]]}","{type=[[0.0, 894.4823529411758]]}",
0000000000000000027d,"{type=[[0.0, 893.2627450980392]]}","{type=[[0.0, 893.2627450980392]]}","{type=[[0.0, 893.2627450980392]]}","{type=[[0.0, 513.2823529411764], [1.0, 379.98039215686276]]}","{type=[[0.0, 513.2823529411764], [1.0, 379.98039215686276]]}","{type=[[0.0, 513.2823529411764], [1.0, 379.98039215686276]]}",517931094,"{type=[[0.0, 893.2627450980392]]}","{type=[[0.0, 893.2627450980392]]}","{type=[[0.0, 893.2627450980392]]}",
0000000000000000027e,"{type=[[0.0, 896.0117647058826]]}","{type=[[0.0, 768.2078431372552], [1.0, 127.80392156862746]]}","{type=[[0.0, 768.2078431372552], [1.0, 127.80392156862746]]}","{type=[[0.0, 10.552941176470588], [1.0, 885.458823529412]]}","{type=[[0.0, 10.552941176470588], [1.0, 885.458823529412]]}","{type=[[0.0, 138.35686274509806], [1.0, 757.6549019607845]]}",518469110,"{type=[[0.0, 896.0117647058826]]}","{type=[[0.0, 896.0117647058826]]}","{type=[[0.0, 896.0117647058826]]}",
00000000000000000280,"{type=[[0.0, 909.9176470588236], [1.0, 1.8941176470588235]]}","{type=[[0.0, 909.9176470588236], [1.0, 1.8941176470588235]]}","{type=[[0.0, 911.8117647058825]]}","{type=[[0.0, 115.41960784313727], [1.0, 796.3921568627454]]}","{type=[[0.0, 117.3137254901961], [1.0, 794.4980392156865]]}","{type=[[0.0, 117.3137254901961], [1.0, 794.4980392156865]]}",519157894,"{type=[[0.0, 911.8117647058825]]}","{type=[[0.0, 911.8117647058825]]}","{type=[[0.0, 911.8117647058825]]}",
00000000000000000281,"{type=[[0.0, 911.6588235294115]]}","{type=[[0.0, 818.6745098039213], [1.0, 92.9843137254902]]}","{type=[[0.0, 818.6745098039213], [1.0, 92.9843137254902]]}","{type=[[0.0, 91.18039215686275], [1.0, 820.4784313725488]]}","{type=[[0.0, 91.18039215686275], [1.0, 820.4784313725488]]}","{type=[[0.0, 182.16470588235293], [1.0, 729.4941176470586]]}",519361280,"{type=[[0.0, 911.6588235294115]]}","{type=[[0.0, 909.6588235294116], [1.0, 2.0]]}","{type=[[0.0, 909.6588235294116], [1.0, 2.0]]}",
00000000000000000282,"{type=[[0.0, 917.5960784313727]]}","{type=[[0.0, 871.8156862745099], [1.0, 45.78039215686275]]}","{type=[[0.0, 871.8156862745099], [1.0, 45.78039215686275]]}","{type=[[0.0, 179.60784313725497], [1.0, 737.9882352941178]]}","{type=[[0.0, 179.60784313725497], [1.0, 737.9882352941178]]}","{type=[[0.0, 225.38823529411778], [1.0, 692.207843137255]]}",519302225,"{type=[[0.0, 917.5960784313727]]}","{type=[[0.0, 917.5960784313727]]}","{type=[[0.0, 917.5960784313727]]}",
00000000000000000283,"{type=[[0.0, 915.2549019607842]]}","{type=[[0.0, 855.2549019607842], [1.0, 60.0]]}","{type=[[0.0, 855.2549019607842], [1.0, 60.0]]}","{type=[[0.0, 17.788235294117644], [1.0, 897.4666666666665]]}","{type=[[0.0, 17.788235294117644], [1.0, 897.4666666666665]]}","{type=[[0.0, 77.78823529411765], [1.0, 837.4666666666666]]}",519315337,"{type=[[0.0, 915.2549019607842]]}","{type=[[0.0, 915.2549019607842]]}","{type=[[0.0, 915.2549019607842]]}",
00000000000000000284,"{type=[[0.0, 910.992156862745]]}","{type=[[0.0, 901.992156862745], [1.0, 9.0]]}","{type=[[0.0, 901.992156862745], [1.0, 9.0]]}","{type=[[0.0, 477.0745098039215], [1.0, 433.91764705882355]]}","{type=[[0.0, 477.0745098039215], [1.0, 433.91764705882355]]}","{type=[[0.0, 486.0745098039215], [1.0, 424.91764705882355]]}",519131622,"{type=[[0.0, 910.992156862745]]}","{type=[[0.0, 910.992156862745]]}","{type=[[0.0, 910.992156862745]]}",
00000000000000000285,"{type=[[0.0, 895.5686274509806], [1.0, 12.749019607843138]]}","{type=[[0.0, 893.6274509803923], [1.0, 14.690196078431372]]}","{type=[[0.0, 906.3764705882353], [1.0, 1.9411764705882353]]}","{type=[[0.0, 142.0], [1.0, 766.3176470588235]]}","{type=[[0.0, 154.74901960784314], [1.0, 753.5686274509803]]}","{type=[[0.0, 156.69019607843137], [1.0, 751.6274509803922]]}",519059450,"{type=[[0.0, 908.3176470588237]]}","{type=[[0.0, 908.3176470588237]]}","{type=[[0.0, 908.3176470588237]]}",
00000000000000000286,"{type=[[0.0, 917.372549019608]]}","{type=[[0.0, 903.4313725490197], [1.0, 13.941176470588236]]}","{type=[[0.0, 903.4313725490197], [1.0, 13.941176470588236]]}","{type=[[0.0, 30.670588235294115], [1.0, 886.7019607843138]]}","{type=[[0.0, 30.670588235294115], [1.0, 886.7019607843138]]}","{type=[[0.0, 44.61176470588235], [1.0, 872.7607843137255]]}",519531849,"{type=[[0.0, 917.372549019608]]}","{type=[[0.0, 917.372549019608]]}","{type=[[0.0, 917.372549019608]]}",
00000000000000000287,"{type=[[0.0, 916.9411764705881]]}","{type=[[0.0, 911.4588235294116], [1.0, 5.482352941176471]]}","{type=[[0.0, 911.4588235294116], [1.0, 5.482352941176471]]}","{type=[[0.0, 106.70980392156864], [1.0, 810.2313725490196]]}","{type=[[0.0, 106.70980392156864], [1.0, 810.2313725490196]]}","{type=[[0.0, 112.19215686274511], [1.0, 804.7490196078431]]}",519689292,"{type=[[0.0, 916.9411764705881]]}","{type=[[0.0, 916.9411764705881]]}","{type=[[0.0, 916.9411764705881]]}",
00000000000000000288,"{type=[[0.0, 924.0196078431371]]}","{type=[[0.0, 913.0196078431371], [1.0, 11.0]]}","{type=[[0.0, 913.0196078431371], [1.0, 11.0]]}","{type=[[0.0, 108.36470588235296], [1.0, 815.6549019607843]]}","{type=[[0.0, 108.36470588235296], [1.0, 815.6549019607843]]}","{type=[[0.0, 119.36470588235296], [1.0, 804.6549019607843]]}",519708978,"{type=[[0.0, 924.0196078431371]]}","{type=[[0.0, 924.0196078431371]]}","{type=[[0.0, 924.0196078431371]]}",
00000000000000000289,"{type=[[0.0, 924.0117647058826]]}","{type=[[0.0, 924.0117647058826]]}","{type=[[0.0, 924.0117647058826]]}","{type=[[0.0, 924.0117647058826]]}","{type=[[0.0, 924.0117647058826]]}","{type=[[0.0, 924.0117647058826]]}",519754905,"{type=[[0.0, 924.0117647058826]]}","{type=[[0.0, 924.0117647058826]]}","{type=[[0.0, 924.0117647058826]]}",
0000000000000000028a,"{type=[[0.0, 925.1803921568622]]}","{type=[[0.0, 922.4784313725486], [1.0, 2.701960784313725]]}","{type=[[0.0, 922.4784313725486], [1.0, 2.701960784313725]]}","{type=[[0.0, 136.42745098039214], [1.0, 788.75294117647]]}","{type=[[0.0, 136.42745098039214], [1.0, 788.75294117647]]}","{type=[[0.0, 139.12941176470588], [1.0, 786.0509803921562]]}",519813966,"{type=[[0.0, 925.1803921568622]]}","{type=[[0.0, 925.1803921568622]]}","{type=[[0.0, 925.1803921568622]]}",
0000000000000000028c,"{type=[[0.0, 868.7372549019607], [1.0, 46.0]]}","{type=[[0.0, 777.1647058823529], [1.0, 137.57254901960783]]}","{type=[[0.0, 823.1647058823528], [1.0, 91.57254901960782]]}","{type=[[0.0, 332.4784313725491], [1.0, 582.2588235294119]]}","{type=[[0.0, 378.47843137254904], [1.0, 536.2588235294119]]}","{type=[[0.0, 470.0509803921569], [1.0, 444.68627450980387]]}",519564682,"{type=[[0.0, 914.7372549019607]]}","{type=[[0.0, 914.7372549019607]]}","{type=[[0.0, 914.7372549019607]]}",
0000000000000000028d,"{type=[[0.0, 922.9686274509806]]}","{type=[[0.0, 922.9686274509806]]}","{type=[[0.0, 922.9686274509806]]}","{type=[[0.0, 535.513725490196], [1.0, 387.45490196078424]]}","{type=[[0.0, 535.513725490196], [1.0, 387.45490196078424]]}","{type=[[0.0, 535.513725490196], [1.0, 387.45490196078424]]}",519741835,"{type=[[0.0, 922.9686274509806]]}","{type=[[0.0, 922.9686274509806]]}","{type=[[0.0, 922.9686274509806]]}",
0000000000000000028e,"{type=[[0.0, 804.9450980392156], [1.0, 117.98823529411764]]}","{type=[[0.0, 783.592156862745], [1.0, 139.34117647058824]]}","{type=[[0.0, 891.270588235294], [1.0, 31.662745098039217]]}","{type=[[0.0, 56.98823529411765], [1.0, 865.9450980392155]]}","{type=[[0.0, 174.97647058823532], [1.0, 747.956862745098]]}","{type=[[0.0, 196.32941176470587], [1.0, 726.6039215686274]]}",519951783,"{type=[[0.0, 922.9333333333332]]}","{type=[[0.0, 922.9333333333332]]}","{type=[[0.0, 912.6235294117647], [1.0, 10.309803921568623]]}",
0000000000000000028f,"{type=[[0.0, 889.5607843137252], [1.0, 30.576470588235292]]}","{type=[[0.0, 859.3137254901958], [1.0, 60.8235294117647]]}","{type=[[0.0, 889.890196078431], [1.0, 30.24705882352941]]}","{type=[[0.0, 133.0980392156863], [1.0, 787.0392156862745]]}","{type=[[0.0, 163.6745098039216], [1.0, 756.4627450980391]]}","{type=[[0.0, 193.92156862745102], [1.0, 726.2156862745096]]}",519558127,"{type=[[0.0, 920.1372549019604]]}","{type=[[0.0, 920.1372549019604]]}","{type=[[0.0, 920.1372549019604]]}",
00000000000000000290,"{type=[[0.0, 905.9254901960784], [1.0, 4.349019607843137]]}","{type=[[0.0, 871.9254901960784], [1.0, 38.34901960784315]]}","{type=[[0.0, 876.2745098039214], [1.0, 34.0]]}","{type=[[0.0, 230.9058823529412], [1.0, 679.3686274509803]]}","{type=[[0.0, 235.25490196078437], [1.0, 675.0196078431372]]}","{type=[[0.0, 267.25490196078437], [1.0, 643.0196078431372]]}",519111984,"{type=[[0.0, 910.2745098039214]]}","{type=[[0.0, 908.2745098039215], [1.0, 2.0]]}","{type=[[0.0, 908.2745098039215], [1.0, 2.0]]}",
00000000000000000291,"{type=[[0.0, 891.4549019607844], [1.0, 20.0]]}","{type=[[0.0, 780.2470588235293], [1.0, 131.20784313725488]]}","{type=[[0.0, 800.2470588235293], [1.0, 111.2078431372549]]}","{type=[[0.0, 116.76470588235294], [1.0, 794.6901960784312]]}","{type=[[0.0, 136.76470588235293], [1.0, 774.6901960784312]]}","{type=[[0.0, 247.97254901960784], [1.0, 663.4823529411764]]}",519171037,"{type=[[0.0, 911.4549019607844]]}","{type=[[0.0, 911.4549019607844]]}","{type=[[0.0, 911.4549019607844]]}",
00000000000000000292,"{type=[[0.0, 912.5882352941178]]}","{type=[[0.0, 889.6705882352943], [1.0, 22.917647058823533]]}","{type=[[0.0, 889.6705882352943], [1.0, 22.917647058823533]]}","{type=[[0.0, 26.372549019607842], [1.0, 886.21568627451]]}","{type=[[0.0, 26.372549019607842], [1.0, 886.21568627451]]}","{type=[[0.0, 49.29019607843138], [1.0, 863.2980392156863]]}",519571286,"{type=[[0.0, 912.5882352941178]]}","{type=[[0.0, 912.5882352941178]]}","{type=[[0.0, 912.5882352941178]]}",
00000000000000000293,"{type=[[0.0, 913.0627450980393], [1.0, 6.0]]}","{type=[[0.0, 902.5254901960784], [1.0, 16.537254901960786]]}","{type=[[0.0, 908.5254901960785], [1.0, 10.537254901960784]]}","{type=[[0.0, 48.06666666666667], [1.0, 870.9960784313726]]}","{type=[[0.0, 54.06666666666667], [1.0, 864.9960784313726]]}","{type=[[0.0, 64.60392156862746], [1.0, 854.4588235294117]]}",519531920,"{type=[[0.0, 919.0627450980393]]}","{type=[[0.0, 919.0627450980393]]}","{type=[[0.0, 919.0627450980393]]}",
00000000000000000294,"{type=[[0.0, 919.2784313725487]]}","{type=[[0.0, 919.2784313725487]]}","{type=[[0.0, 919.2784313725487]]}","{type=[[0.0, 140.61568627450978], [1.0, 778.662745098039]]}","{type=[[0.0, 140.61568627450978], [1.0, 778.662745098039]]}","{type=[[0.0, 133.6549019607843], [1.0, 785.6235294117645]]}",519650035,"{type=[[0.0, 919.2784313725487]]}","{type=[[0.0, 912.3176470588232], [1.0, 6.96078431372549]]}","{type=[[0.0, 912.3176470588232], [1.0, 6.96078431372549]]}",
00000000000000000298,"{type=[[0.0, 901.4784313725489], [1.0, 21.63529411764706]]}","{type=[[0.0, 901.4784313725489], [1.0, 21.63529411764706]]}","{type=[[0.0, 923.113725490196]]}","{type=[[0.0, 41.16470588235294], [1.0, 881.9490196078431]]}","{type=[[0.0, 62.800000000000004], [1.0, 860.313725490196]]}","{type=[[0.0, 62.800000000000004], [1.0, 860.313725490196]]}",519925615,"{type=[[0.0, 923.113725490196]]}","{type=[[0.0, 923.113725490196]]}","{type=[[0.0, 923.113725490196]]}",
00000000000000000107,"{type=[[0.0, 894.2941176470587], [1.0, 5.670588235294117]]}","{type=[[0.0, 884.8549019607841], [1.0, 15.109803921568627]]}","{type=[[0.0, 890.5254901960783], [1.0, 9.43921568627451]]}","{type=[[0.0, 138.69019607843137], [1.0, 761.2745098039213]]}","{type=[[0.0, 144.36078431372553], [1.0, 755.6039215686272]]}","{type=[[0.0, 153.8], [1.0, 746.1647058823527]]}",518902296,"{type=[[0.0, 899.9647058823529]]}","{type=[[0.0, 899.9647058823529]]}","{type=[[0.0, 899.9647058823529]]}",
00000000000000000108,"{type=[[0.0, 889.7647058823532], [1.0, 18.482352941176472]]}","{type=[[0.0, 881.3960784313725], [1.0, 26.850980392156863]]}","{type=[[0.0, 899.878431372549], [1.0, 8.36862745098039]]}","{type=[[0.0, 43.847058823529416], [1.0, 864.4]]}","{type=[[0.0, 62.329411764705874], [1.0, 845.9176470588235]]}","{type=[[0.0, 70.69803921568628], [1.0, 837.549019607843]]}",519368135,"{type=[[0.0, 908.2470588235296]]}","{type=[[0.0, 908.2470588235296]]}","{type=[[0.0, 908.2470588235296]]}",
00000000000000000109,"{type=[[0.0, 913.0235294117651]]}","{type=[[0.0, 912.0235294117647], [1.0, 1.0]]}","{type=[[0.0, 912.0235294117647], [1.0, 1.0]]}","{type=[[0.0, 486.81568627450974], [1.0, 426.2078431372551]]}","{type=[[0.0, 486.81568627450974], [1.0, 426.2078431372551]]}","{type=[[0.0, 487.81568627450974], [1.0, 425.2078431372551]]}",519663365,"{type=[[0.0, 913.0235294117651]]}","{type=[[0.0, 913.0235294117651]]}","{type=[[0.0, 913.0235294117651]]}",
0000000000000000010a,"{type=[[0.0, 906.2588235294116], [1.0, 2.0]]}","{type=[[0.0, 906.2588235294116], [1.0, 2.0]]}","{type=[[0.0, 908.2588235294114]]}","{type=[[0.0, 57.462745098039214], [1.0, 850.7960784313723]]}","{type=[[0.0, 59.462745098039214], [1.0, 848.7960784313723]]}","{type=[[0.0, 59.462745098039214], [1.0, 848.7960784313723]]}",519374675,"{type=[[0.0, 908.2588235294114]]}","{type=[[0.0, 908.2588235294114]]}","{type=[[0.0, 908.2588235294114]]}",
0000000000000000010b,"{type=[[0.0, 908.6745098039212]]}","{type=[[0.0, 908.6745098039212]]}","{type=[[0.0, 908.6745098039212]]}","{type=[[0.0, 845.3490196078428], [1.0, 63.32549019607843]]}","{type=[[0.0, 845.3490196078428], [1.0, 63.32549019607843]]}","{type=[[0.0, 845.3490196078428], [1.0, 63.32549019607843]]}",519440259,"{type=[[0.0, 908.6745098039212]]}","{type=[[0.0, 908.6745098039212]]}","{type=[[0.0, 908.6745098039212]]}",
0000000000000000010c,"{type=[[0.0, 905.3960784313725]]}","{type=[[0.0, 905.3960784313725]]}","{type=[[0.0, 905.3960784313725]]}","{type=[[0.0, 905.3960784313725]]}","{type=[[0.0, 905.3960784313725]]}","{type=[[0.0, 905.3960784313725]]}",519204063,"{type=[[0.0, 905.3960784313725]]}","{type=[[0.0, 905.3960784313725]]}","{type=[[0.0, 905.3960784313725]]}",
0000000000000000010d,"{type=[[0.0, 906.6196078431371]]}","{type=[[0.0, 906.6196078431371]]}","{type=[[0.0, 906.6196078431371]]}","{type=[[0.0, 243.9529411764707], [1.0, 662.6666666666665]]}","{type=[[0.0, 243.9529411764707], [1.0, 662.6666666666665]]}","{type=[[0.0, 243.9529411764707], [1.0, 662.6666666666665]]}",519223750,"{type=[[0.0, 906.6196078431371]]}","{type=[[0.0, 906.6196078431371]]}","{type=[[0.0, 906.6196078431371]]}",
000000000000000001c1,"{type=[[0.0, 882.6705882352944], [1.0, 41.0]]}","{type=[[0.0, 876.6705882352944], [1.0, 47.0]]}","{type=[[0.0, 917.6705882352945], [1.0, 6.0]]}","{type=[[0.0, 27.419607843137253], [1.0, 896.2509803921571]]}","{type=[[0.0, 68.41960784313726], [1.0, 855.2509803921571]]}","{type=[[0.0, 74.41960784313726], [1.0, 849.2509803921571]]}",520188281,"{type=[[0.0, 923.6705882352945]]}","{type=[[0.0, 923.6705882352945]]}","{type=[[0.0, 923.6705882352945]]}",
000000000000000001c2,"{type=[[0.0, 919.2666666666664]]}","{type=[[0.0, 919.2666666666664]]}","{type=[[0.0, 924.4392156862743]]}","{type=[[0.0, 188.0823529411765], [1.0, 731.1843137254904]]}","{type=[[0.0, 189.9333333333334], [1.0, 734.5058823529413]]}","{type=[[0.0, 189.9333333333334], [1.0, 734.5058823529413]]}",520450745,"{type=[[0.0, 919.2666666666664]]}","{type=[[0.0, 919.2666666666664]]}","{type=[[0.0, 924.4392156862743]]}",
000000000000000001c4,"{type=[[0.0, 920.3490196078432]]}","{type=[[0.0, 920.3490196078432]]}","{type=[[0.0, 920.3490196078432]]}","{type=[[0.0, 352.0470588235294], [1.0, 568.3019607843138]]}","{type=[[0.0, 352.0470588235294], [1.0, 568.3019607843138]]}","{type=[[0.0, 352.0470588235294], [1.0, 568.3019607843138]]}",520194890,"{type=[[0.0, 920.3490196078432]]}","{type=[[0.0, 920.3490196078432]]}","{type=[[0.0, 920.3490196078432]]}",
000000000000000001c5,"{type=[[0.0, 895.9960784313729], [1.0, 8.345098039215687]]}","{type=[[0.0, 846.8039215686277], [1.0, 57.53725490196078]]}","{type=[[0.0, 865.1294117647062], [1.0, 51.21176470588235]]}","{type=[[0.0, 129.18823529411765], [1.0, 775.1529411764707]]}","{type=[[0.0, 137.53333333333333], [1.0, 778.807843137255]]}","{type=[[0.0, 186.72549019607843], [1.0, 729.6156862745099]]}",520116174,"{type=[[0.0, 904.3411764705887]]}","{type=[[0.0, 904.3411764705887]]}","{type=[[0.0, 914.3215686274509], [1.0, 2.019607843137255]]}",
000000000000000001c6,"{type=[[0.0, 895.2431372549023]]}","{type=[[0.0, 895.2431372549023]]}","{type=[[0.0, 918.4274509803925]]}","{type=[[0.0, 23.129411764705882], [1.0, 872.1137254901963]]}","{type=[[0.0, 23.129411764705882], [1.0, 895.2980392156866]]}","{type=[[0.0, 23.129411764705882], [1.0, 895.2980392156866]]}",520030877,"{type=[[0.0, 895.2431372549023]]}","{type=[[0.0, 895.2431372549023]]}","{type=[[0.0, 918.4274509803925]]}",
000000000000000001c7,"{type=[[0.0, 245.60784313725492]]}","{type=[[0.0, 245.60784313725492]]}","{type=[[0.0, 913.8941176470589]]}","{type=[[0.0, 1.0], [1.0, 244.60784313725492]]}","{type=[[0.0, 24.27058823529412], [1.0, 889.6235294117648]]}","{type=[[0.0, 24.27058823529412], [1.0, 889.6235294117648]]}",519939021,"{type=[[0.0, 245.60784313725492]]}","{type=[[0.0, 245.60784313725492]]}","{type=[[0.0, 913.8941176470589]]}",
000000000000000001c8,"{type=[[0.0, 870.0196078431376], [1.0, 43.0]]}","{type=[[0.0, 762.7450980392158], [1.0, 150.27450980392155]]}","{type=[[0.0, 805.7450980392158], [1.0, 107.27450980392157]]}","{type=[[0.0, 26.592156862745096], [1.0, 886.4274509803923]]}","{type=[[0.0, 69.59215686274511], [1.0, 843.4274509803925]]}","{type=[[0.0, 176.86666666666662], [1.0, 736.1529411764708]]}",519879966,"{type=[[0.0, 913.0196078431376]]}","{type=[[0.0, 913.0196078431376]]}","{type=[[0.0, 913.0196078431376]]}",
000000000000000001c9,"{type=[[0.0, 916.4745098039214]]}","{type=[[0.0, 912.4745098039214], [1.0, 4.0]]}","{type=[[0.0, 912.4745098039214], [1.0, 4.0]]}","{type=[[0.0, 63.0], [1.0, 853.4745098039214]]}","{type=[[0.0, 63.0], [1.0, 853.4745098039214]]}","{type=[[0.0, 67.0], [1.0, 849.4745098039214]]}",519873381,"{type=[[0.0, 916.4745098039214]]}","{type=[[0.0, 916.4745098039214]]}","{type=[[0.0, 916.4745098039214]]}",
000000000000000001ca,"{type=[[0.0, 909.5568627450982]]}","{type=[[0.0, 909.5568627450982]]}","{type=[[0.0, 911.5568627450982]]}","{type=[[0.0, 109.07450980392159], [1.0, 800.4823529411766]]}","{type=[[0.0, 111.07450980392159], [1.0, 800.4823529411766]]}","{type=[[0.0, 111.07450980392159], [1.0, 800.4823529411766]]}",519755269,"{type=[[0.0, 909.5568627450982]]}","{type=[[0.0, 909.5568627450982]]}","{type=[[0.0, 911.5568627450982]]}",
000000000000000001cb,"{type=[[0.0, 913.0823529411771], [1.0, 1.0588235294117647]]}","{type=[[0.0, 913.0823529411771], [1.0, 1.0588235294117647]]}","{type=[[0.0, 914.141176470589]]}","{type=[[0.0, 45.72941176470588], [1.0, 868.411764705883]]}","{type=[[0.0, 46.78823529411765], [1.0, 867.3529411764713]]}","{type=[[0.0, 46.78823529411765], [1.0, 867.3529411764713]]}",519669953,"{type=[[0.0, 914.141176470589]]}","{type=[[0.0, 914.141176470589]]}","{type=[[0.0, 914.141176470589]]}",
000000000000000001cc,"{type=[[0.0, 905.901960784314], [1.0, 6.0]]}","{type=[[0.0, 882.901960784314], [1.0, 29.0]]}","{type=[[0.0, 888.901960784314], [1.0, 23.0]]}","{type=[[0.0, 57.03529411764707], [1.0, 854.866666666667]]}","{type=[[0.0, 63.03529411764707], [1.0, 848.866666666667]]}","{type=[[0.0, 86.03529411764706], [1.0, 825.866666666667]]}",519558426,"{type=[[0.0, 911.901960784314]]}","{type=[[0.0, 911.901960784314]]}","{type=[[0.0, 911.901960784314]]}",
000000000000000001cd,"{type=[[0.0, 895.2666666666668], [1.0, 15.0]]}","{type=[[0.0, 889.2666666666668], [1.0, 21.0]]}","{type=[[0.0, 904.2666666666668], [1.0, 6.0]]}","{type=[[0.0, 13.098039215686274], [1.0, 897.1686274509805]]}","{type=[[0.0, 28.098039215686274], [1.0, 882.1686274509805]]}","{type=[[0.0, 34.09803921568628], [1.0, 876.1686274509805]]}",519729040,"{type=[[0.0, 910.2666666666668]]}","{type=[[0.0, 910.2666666666668]]}","{type=[[0.0, 910.2666666666668]]}",
000000000000000001ce,"{type=[[0.0, 905.3215686274506]]}","{type=[[0.0, 905.3215686274506]]}","{type=[[0.0, 905.3215686274506]]}","{type=[[0.0, 459.99215686274516], [1.0, 445.32941176470587]]}","{type=[[0.0, 459.99215686274516], [1.0, 445.32941176470587]]}","{type=[[0.0, 459.99215686274516], [1.0, 445.32941176470587]]}",519191013,"{type=[[0.0, 905.3215686274506]]}","{type=[[0.0, 905.3215686274506]]}","{type=[[0.0, 905.3215686274506]]}",
000000000000000001cf,"{type=[[0.0, 899.8901960784318]]}","{type=[[0.0, 895.8901960784318], [1.0, 4.0]]}","{type=[[0.0, 895.8901960784318], [1.0, 4.0]]}","{type=[[0.0, 270.28235294117655], [1.0, 629.607843137255]]}","{type=[[0.0, 270.28235294117655], [1.0, 629.607843137255]]}","{type=[[0.0, 274.28235294117655], [1.0, 625.607843137255]]}",519046694,"{type=[[0.0, 899.8901960784318]]}","{type=[[0.0, 899.8901960784318]]}","{type=[[0.0, 899.8901960784318]]}",
000000000000000001d0,"{type=[[0.0, 899.8980392156864]]}","{type=[[0.0, 899.8980392156864]]}","{type=[[0.0, 899.8980392156864]]}","{type=[[0.0, 69.06274509803922], [1.0, 830.8352941176471]]}","{type=[[0.0, 69.06274509803922], [1.0, 830.8352941176471]]}","{type=[[0.0, 69.06274509803922], [1.0, 830.8352941176471]]}",519118868,"{type=[[0.0, 899.8980392156864]]}","{type=[[0.0, 899.8980392156864]]}","{type=[[0.0, 899.8980392156864]]}",
000000000000000001d1,"{type=[[0.0, 896.070588235294], [1.0, 8.254901960784315]]}","{type=[[0.0, 884.8117647058824], [1.0, 19.51372549019608]]}","{type=[[0.0, 893.0666666666668], [1.0, 11.258823529411764]]}","{type=[[0.0, 22.737254901960785], [1.0, 881.5882352941178]]}","{type=[[0.0, 30.992156862745098], [1.0, 873.3333333333334]]}","{type=[[0.0, 42.25098039215686], [1.0, 862.0745098039216]]}",519204165,"{type=[[0.0, 904.3254901960785]]}","{type=[[0.0, 904.3254901960785]]}","{type=[[0.0, 904.3254901960785]]}",
000000000000000001d2,"{type=[[0.0, 902.023529411765]]}","{type=[[0.0, 900.0235294117647], [1.0, 2.0]]}","{type=[[0.0, 900.0235294117647], [1.0, 2.0]]}","{type=[[0.0, 393.6588235294117], [1.0, 508.36470588235284]]}","{type=[[0.0, 393.6588235294117], [1.0, 508.36470588235284]]}","{type=[[0.0, 395.6588235294117], [1.0, 506.36470588235284]]}",519007339,"{type=[[0.0, 902.023529411765]]}","{type=[[0.0, 902.023529411765]]}","{type=[[0.0, 902.023529411765]]}",
000000000000000001d3,"{type=[[0.0, 874.8823529411765]]}","{type=[[0.0, 874.8823529411765]]}","{type=[[0.0, 905.2235294117647]]}","{type=[[0.0, 51.0], [1.0, 823.8823529411765]]}","{type=[[0.0, 51.0], [1.0, 854.2235294117647]]}","{type=[[0.0, 51.0], [1.0, 854.2235294117647]]}",519597833,"{type=[[0.0, 874.8823529411765]]}","{type=[[0.0, 874.8823529411765]]}","{type=[[0.0, 905.2235294117647]]}",
000000000000000001d4,"{type=[[0.0, 902.0549019607842], [1.0, 6.784313725490196]]}","{type=[[0.0, 872.141176470588], [1.0, 36.69803921568628]]}","{type=[[0.0, 878.9254901960782], [1.0, 29.91372549019608]]}","{type=[[0.0, 91.30980392156863], [1.0, 817.5294117647057]]}","{type=[[0.0, 98.09411764705882], [1.0, 810.7450980392156]]}","{type=[[0.0, 128.00784313725492], [1.0, 780.8313725490195]]}",519414128,"{type=[[0.0, 908.8392156862743]]}","{type=[[0.0, 908.8392156862743]]}","{type=[[0.0, 908.8392156862743]]}",
000000000000000001d5,"{type=[[0.0, 908.698039215686]]}","{type=[[0.0, 908.698039215686]]}","{type=[[0.0, 908.698039215686]]}","{type=[[0.0, 60.76078431372549], [1.0, 847.9372549019606]]}","{type=[[0.0, 60.76078431372549], [1.0, 847.9372549019606]]}","{type=[[0.0, 60.76078431372549], [1.0, 847.9372549019606]]}",519610975,"{type=[[0.0, 908.698039215686]]}","{type=[[0.0, 908.698039215686]]}","{type=[[0.0, 908.698039215686]]}",
000000000000000001d6,"{type=[[0.0, 905.5450980392156], [1.0, 1.0274509803921568]]}","{type=[[0.0, 904.5450980392161], [1.0, 2.0274509803921568]]}","{type=[[0.0, 905.5725490196078], [1.0, 1.0]]}","{type=[[0.0, 31.039215686274506], [1.0, 875.5333333333336]]}","{type=[[0.0, 32.06666666666666], [1.0, 874.5058823529415]]}","{type=[[0.0, 33.06666666666666], [1.0, 873.5058823529415]]}",519479758,"{type=[[0.0, 906.5725490196082]]}","{type=[[0.0, 906.5725490196082]]}","{type=[[0.0, 906.5725490196082]]}",
000000000000000001d7,"{type=[[0.0, 786.2901960784314], [1.0, 6.0]]}","{type=[[0.0, 786.2901960784314], [1.0, 6.0]]}","{type=[[0.0, 900.4156862745098]]}","{type=[[0.0, 261.4980392156863], [1.0, 530.7921568627454]]}","{type=[[0.0, 274.4117647058824], [1.0, 626.0039215686277]]}","{type=[[0.0, 274.4117647058824], [1.0, 626.0039215686277]]}",519204193,"{type=[[0.0, 792.2901960784316]]}","{type=[[0.0, 792.2901960784316]]}","{type=[[0.0, 900.4156862745098]]}",
000000000000000001da,"{type=[[0.0, 877.8509803921577]]}","{type=[[0.0, 877.8509803921577]]}","{type=[[0.0, 877.8509803921577]]}","{type=[[0.0, 221.07450980392161], [1.0, 656.7764705882358]]}","{type=[[0.0, 221.07450980392161], [1.0, 656.7764705882358]]}","{type=[[0.0, 221.07450980392161], [1.0, 656.7764705882358]]}",517728025,"{type=[[0.0, 877.8509803921577]]}","{type=[[0.0, 877.8509803921577]]}","{type=[[0.0, 877.8509803921577]]}",
000000000000000001db,"{type=[[0.0, 879.7607843137254]]}","{type=[[0.0, 877.7607843137255], [1.0, 2.0]]}","{type=[[0.0, 877.7607843137255], [1.0, 2.0]]}","{type=[[0.0, 35.77254901960785], [1.0, 843.9882352941175]]}","{type=[[0.0, 35.77254901960785], [1.0, 843.9882352941175]]}","{type=[[0.0, 37.77254901960785], [1.0, 841.9882352941175]]}",517793637,"{type=[[0.0, 879.7607843137254]]}","{type=[[0.0, 879.7607843137254]]}","{type=[[0.0, 879.7607843137254]]}",
000000000000000001dc,"{type=[[0.0, 873.2588235294123]]}","{type=[[0.0, 873.2588235294123]]}","{type=[[0.0, 873.2588235294123]]}","{type=[[0.0, 4.015686274509804], [1.0, 869.2431372549025]]}","{type=[[0.0, 4.015686274509804], [1.0, 869.2431372549025]]}","{type=[[0.0, 4.015686274509804], [1.0, 869.2431372549025]]}",517235924,"{type=[[0.0, 873.2588235294123]]}","{type=[[0.0, 873.2588235294123]]}","{type=[[0.0, 873.2588235294123]]}",
000000000000000001dd,"{type=[[0.0, 879.8235294117645]]}","{type=[[0.0, 879.8235294117645]]}","{type=[[0.0, 879.8235294117645]]}","{type=[[0.0, 570.2039215686274], [1.0, 309.6196078431372]]}","{type=[[0.0, 570.2039215686274], [1.0, 309.6196078431372]]}","{type=[[0.0, 570.2039215686274], [1.0, 309.6196078431372]]}",517563924,"{type=[[0.0, 879.8235294117645]]}","{type=[[0.0, 879.8235294117645]]}","{type=[[0.0, 879.8235294117645]]}",
000000000000000001de,"{type=[[0.0, 872.8000000000002]]}","{type=[[0.0, 872.8000000000002]]}","{type=[[0.0, 872.8000000000002]]}","{type=[[0.0, 89.48627450980393], [1.0, 783.3137254901961]]}","{type=[[0.0, 89.48627450980393], [1.0, 783.3137254901961]]}","{type=[[0.0, 89.48627450980393], [1.0, 783.3137254901961]]}",517393328,"{type=[[0.0, 872.8000000000002]]}","{type=[[0.0, 872.8000000000002]]}","{type=[[0.0, 872.8000000000002]]}",
000000000000000001df,"{type=[[0.0, 889.2588235294118]]}","{type=[[0.0, 889.2588235294118]]}","{type=[[0.0, 889.2588235294118]]}","{type=[[0.0, 282.9529411764706], [1.0, 606.3058823529414]]}","{type=[[0.0, 282.9529411764706], [1.0, 606.3058823529414]]}","{type=[[0.0, 282.9529411764706], [1.0, 606.3058823529414]]}",518357814,"{type=[[0.0, 889.2588235294118]]}","{type=[[0.0, 889.2588235294118]]}","{type=[[0.0, 889.2588235294118]]}",
000000000000000001e0,"{type=[[0.0, 897.0823529411762]]}","{type=[[0.0, 897.0823529411762]]}","{type=[[0.0, 897.0823529411762]]}","{type=[[0.0, 574.7137254901961], [1.0, 322.36862745098045]]}","{type=[[0.0, 574.7137254901961], [1.0, 322.36862745098045]]}","{type=[[0.0, 574.7137254901961], [1.0, 322.36862745098045]]}",518692417,"{type=[[0.0, 897.0823529411762]]}","{type=[[0.0, 897.0823529411762]]}","{type=[[0.0, 897.0823529411762]]}",
000000000000000001e1,"{type=[[0.0, 898.4156862745095]]}","{type=[[0.0, 898.4156862745095]]}","{type=[[0.0, 898.4156862745095]]}","{type=[[0.0, 55.14901960784314], [1.0, 843.2666666666663]]}","{type=[[0.0, 55.14901960784314], [1.0, 843.2666666666663]]}","{type=[[0.0, 55.14901960784314], [1.0, 843.2666666666663]]}",518639945,"{type=[[0.0, 898.4156862745095]]}","{type=[[0.0, 898.4156862745095]]}","{type=[[0.0, 898.4156862745095]]}",
000000000000000001e2,"{type=[[0.0, 892.8862745098038], [1.0, 2.0]]}","{type=[[0.0, 886.2549019607844], [1.0, 8.631372549019607]]}","{type=[[0.0, 888.2549019607844], [1.0, 6.631372549019608]]}","{type=[[0.0, 104.88627450980394], [1.0, 790.0000000000002]]}","{type=[[0.0, 106.88627450980394], [1.0, 788.0000000000002]]}","{type=[[0.0, 113.51764705882354], [1.0, 781.3686274509806]]}",518843329,"{type=[[0.0, 894.886274509804]]}","{type=[[0.0, 894.886274509804]]}","{type=[[0.0, 894.886274509804]]}",
000000000000000001e3,"{type=[[0.0, 887.8274509803924]]}","{type=[[0.0, 887.8274509803924]]}","{type=[[0.0, 887.8274509803924]]}","{type=[[0.0, 24.462745098039218], [1.0, 863.3647058823532]]}","{type=[[0.0, 24.462745098039218], [1.0, 863.3647058823532]]}","{type=[[0.0, 24.462745098039218], [1.0, 863.3647058823532]]}",517983709,"{type=[[0.0, 887.8274509803924]]}","{type=[[0.0, 887.8274509803924]]}","{type=[[0.0, 887.8274509803924]]}",
000000000000000001e4,"{type=[[0.0, 883.7607843137259]]}","{type=[[0.0, 861.7607843137258], [1.0, 22.0]]}","{type=[[0.0, 861.7607843137258], [1.0, 22.0]]}","{type=[[0.0, 32.03921568627451], [1.0, 851.7215686274515]]}","{type=[[0.0, 32.03921568627451], [1.0, 851.7215686274515]]}","{type=[[0.0, 54.03921568627451], [1.0, 829.7215686274515]]}",517734414,"{type=[[0.0, 883.7607843137259]]}","{type=[[0.0, 883.7607843137259]]}","{type=[[0.0, 883.7607843137259]]}",
000000000000000001e5,"{type=[[0.0, 883.4627450980391]]}","{type=[[0.0, 879.4627450980391], [1.0, 4.0]]}","{type=[[0.0, 879.4627450980391], [1.0, 4.0]]}","{type=[[0.0, 382.1725490196079], [1.0, 501.29019607843156]]}","{type=[[0.0, 382.1725490196079], [1.0, 501.29019607843156]]}","{type=[[0.0, 386.1725490196079], [1.0, 497.29019607843156]]}",517662253,"{type=[[0.0, 883.4627450980391]]}","{type=[[0.0, 883.4627450980391]]}","{type=[[0.0, 883.4627450980391]]}",
000000000000000001e6,"{type=[[0.0, 882.3333333333336], [1.0, 2.0]]}","{type=[[0.0, 882.3333333333336], [1.0, 2.0]]}","{type=[[0.0, 884.3333333333334]]}","{type=[[0.0, 46.949019607843134], [1.0, 837.3843137254901]]}","{type=[[0.0, 48.94901960784314], [1.0, 835.3843137254901]]}","{type=[[0.0, 48.94901960784314], [1.0, 835.3843137254901]]}",517596630,"{type=[[0.0, 884.3333333333334]]}","{type=[[0.0, 884.3333333333334]]}","{type=[[0.0, 884.3333333333334]]}",
000000000000000001e7,"{type=[[0.0, 882.7450980392155]]}","{type=[[0.0, 862.58431372549], [1.0, 20.160784313725493]]}","{type=[[0.0, 862.58431372549], [1.0, 20.160784313725493]]}","{type=[[0.0, 135.11764705882354], [1.0, 747.6274509803919]]}","{type=[[0.0, 135.11764705882354], [1.0, 747.6274509803919]]}","{type=[[0.0, 155.27843137254897], [1.0, 727.4666666666665]]}",517432590,"{type=[[0.0, 882.7450980392155]]}","{type=[[0.0, 882.7450980392155]]}","{type=[[0.0, 882.7450980392155]]}",
000000000000000001e8,"{type=[[0.0, 867.1803921568627], [1.0, 8.0]]}","{type=[[0.0, 865.1803921568626], [1.0, 10.0]]}","{type=[[0.0, 873.1803921568626], [1.0, 2.0]]}","{type=[[0.0, 287.2117647058824], [1.0, 587.9686274509803]]}","{type=[[0.0, 295.2117647058824], [1.0, 579.9686274509803]]}","{type=[[0.0, 297.2117647058824], [1.0, 577.9686274509803]]}",517262026,"{type=[[0.0, 875.1803921568627]]}","{type=[[0.0, 875.1803921568627]]}","{type=[[0.0, 875.1803921568627]]}",
000000000000000001e9,"{type=[[0.0, 878.1098039215684]]}","{type=[[0.0, 878.1098039215684]]}","{type=[[0.0, 878.1098039215684]]}","{type=[[0.0, 489.25098039215686], [1.0, 388.8588235294117]]}","{type=[[0.0, 489.25098039215686], [1.0, 388.8588235294117]]}","{type=[[0.0, 489.25098039215686], [1.0, 388.8588235294117]]}",517288274,"{type=[[0.0, 878.1098039215684]]}","{type=[[0.0, 878.1098039215684]]}","{type=[[0.0, 878.1098039215684]]}",
000000000000000001ea,"{type=[[0.0, 877.749019607843], [1.0, 4.0]]}","{type=[[0.0, 877.749019607843], [1.0, 4.0]]}","{type=[[0.0, 881.749019607843]]}","{type=[[0.0, 14.992156862745098], [1.0, 866.7568627450978]]}","{type=[[0.0, 18.992156862745098], [1.0, 862.7568627450978]]}","{type=[[0.0, 18.992156862745098], [1.0, 862.7568627450978]]}",517334200,"{type=[[0.0, 881.749019607843]]}","{type=[[0.0, 881.749019607843]]}","{type=[[0.0, 881.749019607843]]}",
000000000000000001eb,"{type=[[0.0, 878.5098039215687]]}","{type=[[0.0, 874.5098039215685], [1.0, 4.0]]}","{type=[[0.0, 874.5098039215685], [1.0, 4.0]]}","{type=[[1.0, 878.5098039215687]]}","{type=[[1.0, 878.5098039215687]]}","{type=[[0.0, 4.0], [1.0, 874.5098039215685]]}",517307957,"{type=[[0.0, 878.5098039215687]]}","{type=[[0.0, 878.5098039215687]]}","{type=[[0.0, 878.5098039215687]]}",
000000000000000001ec,"{type=[[0.0, 872.9843137254904]]}","{type=[[0.0, 872.9843137254904]]}","{type=[[0.0, 872.9843137254904]]}","{type=[[0.0, 261.8705882352941], [1.0, 611.1137254901961]]}","{type=[[0.0, 261.8705882352941], [1.0, 611.1137254901961]]}","{type=[[0.0, 261.8705882352941], [1.0, 611.1137254901961]]}",517307976,"{type=[[0.0, 872.9843137254904]]}","{type=[[0.0, 872.9843137254904]]}","{type=[[0.0, 872.9843137254904]]}",
000000000000000001ed,"{type=[[0.0, 884.5882352941178]]}","{type=[[0.0, 884.5882352941178]]}","{type=[[0.0, 884.5882352941178]]}","{type=[[0.0, 821.1921568627452], [1.0, 63.39607843137255]]}","{type=[[0.0, 821.1921568627452], [1.0, 63.39607843137255]]}","{type=[[0.0, 821.1921568627452], [1.0, 63.39607843137255]]}",517760692,"{type=[[0.0, 884.5882352941178]]}","{type=[[0.0, 884.5882352941178]]}","{type=[[0.0, 884.5882352941178]]}",
000000000000000001ee,"{type=[[0.0, 886.270588235294]]}","{type=[[0.0, 886.270588235294]]}","{type=[[0.0, 886.270588235294]]}","{type=[[0.0, 588.1529411764704], [1.0, 298.1176470588235]]}","{type=[[0.0, 588.1529411764704], [1.0, 298.1176470588235]]}","{type=[[0.0, 588.1529411764704], [1.0, 298.1176470588235]]}",517996911,"{type=[[0.0, 886.270588235294]]}","{type=[[0.0, 886.270588235294]]}","{type=[[0.0, 886.270588235294]]}",
000000000000000001ef,"{type=[[0.0, 885.043137254902]]}","{type=[[0.0, 885.043137254902]]}","{type=[[0.0, 885.043137254902]]}","{type=[[0.0, 550.2549019607845], [1.0, 334.78823529411756]]}","{type=[[0.0, 550.2549019607845], [1.0, 334.78823529411756]]}","{type=[[0.0, 550.2549019607845], [1.0, 334.78823529411756]]}",517865688,"{type=[[0.0, 885.043137254902]]}","{type=[[0.0, 885.043137254902]]}","{type=[[0.0, 885.043137254902]]}",
000000000000000001f0,"{type=[[0.0, 874.4156862745095], [1.0, 2.0]]}","{type=[[0.0, 874.4156862745095], [1.0, 2.0]]}","{type=[[0.0, 876.4156862745098]]}","{type=[[0.0, 73.38823529411764], [1.0, 803.0274509803922]]}","{type=[[0.0, 75.38823529411764], [1.0, 801.0274509803922]]}","{type=[[0.0, 75.38823529411764], [1.0, 801.0274509803922]]}",516973361,"{type=[[0.0, 876.4156862745098]]}","{type=[[0.0, 876.4156862745098]]}","{type=[[0.0, 876.4156862745098]]}",
000000000000000001f1,"{type=[[0.0, 872.0]]}","{type=[[0.0, 869.0], [1.0, 3.0]]}","{type=[[0.0, 869.0], [1.0, 3.0]]}","{type=[[0.0, 589.7137254901963], [1.0, 282.2862745098039]]}","{type=[[0.0, 589.7137254901963], [1.0, 282.2862745098039]]}","{type=[[0.0, 592.7137254901962], [1.0, 279.28627450980395]]}",516953597,"{type=[[0.0, 872.0]]}","{type=[[0.0, 872.0]]}","{type=[[0.0, 872.0]]}",
000000000000000001f2,"{type=[[0.0, 875.1843137254899]]}","{type=[[0.0, 865.498039215686], [1.0, 9.686274509803923]]}","{type=[[0.0, 865.498039215686], [1.0, 9.686274509803923]]}","{type=[[0.0, 158.9372549019608], [1.0, 716.2470588235292]]}","{type=[[0.0, 158.9372549019608], [1.0, 716.2470588235292]]}","{type=[[0.0, 168.62352941176474], [1.0, 706.5607843137252]]}",516901110,"{type=[[0.0, 875.1843137254899]]}","{type=[[0.0, 875.1843137254899]]}","{type=[[0.0, 875.1843137254899]]}",
000000000000000001f3,"{type=[[0.0, 875.1843137254903]]}","{type=[[0.0, 875.1843137254903]]}","{type=[[0.0, 875.1843137254903]]}","{type=[[0.0, 187.35686274509806], [1.0, 687.8274509803921]]}","{type=[[0.0, 187.35686274509806], [1.0, 687.8274509803921]]}","{type=[[0.0, 187.35686274509806], [1.0, 687.8274509803921]]}",516802690,"{type=[[0.0, 875.1843137254903]]}","{type=[[0.0, 875.1843137254903]]}","{type=[[0.0, 875.1843137254903]]}",
000000000000000001f4,"{type=[[0.0, 881.5607843137254]]}","{type=[[0.0, 879.478431372549], [1.0, 2.0823529411764707]]}","{type=[[0.0, 879.478431372549], [1.0, 2.0823529411764707]]}","{type=[[0.0, 53.93333333333334], [1.0, 827.6274509803919]]}","{type=[[0.0, 53.93333333333334], [1.0, 827.6274509803919]]}","{type=[[0.0, 56.01568627450981], [1.0, 825.5450980392155]]}",517202945,"{type=[[0.0, 881.5607843137254]]}","{type=[[0.0, 881.5607843137254]]}","{type=[[0.0, 881.5607843137254]]}",
000000000000000001f5,"{type=[[0.0, 870.2431372549015], [1.0, 5.0]]}","{type=[[0.0, 870.1607843137252], [1.0, 5.08235294117647]]}","{type=[[0.0, 875.1607843137253], [1.0, 0.08235294117647059]]}","{type=[[0.0, 219.9843137254902], [1.0, 655.2588235294115]]}","{type=[[0.0, 224.9843137254902], [1.0, 650.2588235294115]]}","{type=[[0.0, 225.0666666666667], [1.0, 650.176470588235]]}",516907675,"{type=[[0.0, 875.2431372549015]]}","{type=[[0.0, 875.2431372549015]]}","{type=[[0.0, 875.2431372549015]]}",
000000000000000001f6,"{type=[[0.0, 877.5568627450976]]}","{type=[[0.0, 877.5568627450976]]}","{type=[[0.0, 877.5568627450976]]}","{type=[[0.0, 616.6196078431371], [1.0, 260.9372549019607]]}","{type=[[0.0, 616.6196078431371], [1.0, 260.9372549019607]]}","{type=[[0.0, 616.6196078431371], [1.0, 260.9372549019607]]}",517019214,"{type=[[0.0, 877.5568627450976]]}","{type=[[0.0, 877.5568627450976]]}","{type=[[0.0, 877.5568627450976]]}",
000000000000000001f7,"{type=[[0.0, 883.4156862745099]]}","{type=[[0.0, 882.3098039215686], [1.0, 1.1058823529411765]]}","{type=[[0.0, 882.3098039215686], [1.0, 1.1058823529411765]]}","{type=[[0.0, 263.1607843137255], [1.0, 620.2549019607843]]}","{type=[[0.0, 263.1607843137255], [1.0, 620.2549019607843]]}","{type=[[0.0, 264.26666666666665], [1.0, 619.149019607843]]}",517530973,"{type=[[0.0, 883.4156862745099]]}","{type=[[0.0, 883.4156862745099]]}","{type=[[0.0, 883.4156862745099]]}",
000000000000000001f8,"{type=[[0.0, 874.2627450980392], [1.0, 8.239215686274509]]}","{type=[[0.0, 874.2627450980392], [1.0, 8.239215686274509]]}","{type=[[0.0, 882.5019607843137]]}","{type=[[0.0, 17.61176470588235], [1.0, 864.8901960784314]]}","{type=[[0.0, 25.850980392156863], [1.0, 856.6509803921568]]}","{type=[[0.0, 25.850980392156863], [1.0, 856.6509803921568]]}",517635973,"{type=[[0.0, 882.5019607843137]]}","{type=[[0.0, 882.5019607843137]]}","{type=[[0.0, 882.5019607843137]]}",
000000000000000001f9,"{type=[[0.0, 889.8313725490194]]}","{type=[[0.0, 889.8156862745099], [1.0, 0.01568627450980392]]}","{type=[[0.0, 889.8156862745099], [1.0, 0.01568627450980392]]}","{type=[[0.0, 208.50980392156865], [1.0, 681.3215686274507]]}","{type=[[0.0, 208.50980392156865], [1.0, 681.3215686274507]]}","{type=[[0.0, 208.52549019607847], [1.0, 681.3058823529409]]}",517773739,"{type=[[0.0, 889.8313725490194]]}","{type=[[0.0, 889.8313725490194]]}","{type=[[0.0, 889.8313725490194]]}",
000000000000000001fa,"{type=[[0.0, 890.6196078431371]]}","{type=[[0.0, 874.6862745098039], [1.0, 15.933333333333334]]}","{type=[[0.0, 874.6862745098039], [1.0, 15.933333333333334]]}","{type=[[0.0, 8.84313725490196], [1.0, 881.7764705882354]]}","{type=[[0.0, 8.84313725490196], [1.0, 881.7764705882354]]}","{type=[[0.0, 24.776470588235295], [1.0, 865.8431372549019]]}",517839334,"{type=[[0.0, 890.6196078431371]]}","{type=[[0.0, 890.6196078431371]]}","{type=[[0.0, 890.6196078431371]]}",
000000000000000001fb,"{type=[[0.0, 886.4705882352943]]}","{type=[[0.0, 886.4705882352943]]}","{type=[[0.0, 886.4705882352943]]}","{type=[[0.0, 124.40392156862747], [1.0, 762.0666666666667]]}","{type=[[0.0, 124.40392156862747], [1.0, 762.0666666666667]]}","{type=[[0.0, 124.40392156862747], [1.0, 762.0666666666667]]}",517498156,"{type=[[0.0, 886.4705882352943]]}","{type=[[0.0, 886.4705882352943]]}","{type=[[0.0, 886.4705882352943]]}",
000000000000000001fc,"{type=[[0.0, 875.1999999999999], [1.0, 1.0]]}","{type=[[0.0, 862.9725490196078], [1.0, 13.227450980392156]]}","{type=[[0.0, 863.9725490196076], [1.0, 12.227450980392156]]}","{type=[[0.0, 84.0], [1.0, 792.1999999999999]]}","{type=[[0.0, 85.0], [1.0, 791.1999999999999]]}","{type=[[0.0, 97.22745098039215], [1.0, 778.9725490196078]]}",517235717,"{type=[[0.0, 876.1999999999998]]}","{type=[[0.0, 876.1999999999998]]}","{type=[[0.0, 876.1999999999998]]}",
000000000000000001fd,"{type=[[0.0, 880.8078431372546]]}","{type=[[0.0, 880.8078431372546]]}","{type=[[0.0, 880.8078431372546]]}","{type=[[0.0, 570.0901960784312], [1.0, 310.7176470588235]]}","{type=[[0.0, 570.0901960784312], [1.0, 310.7176470588235]]}","{type=[[0.0, 570.0901960784312], [1.0, 310.7176470588235]]}",517170088,"{type=[[0.0, 880.8078431372546]]}","{type=[[0.0, 880.8078431372546]]}","{type=[[0.0, 880.8078431372546]]}",
000000000000000001fe,"{type=[[0.0, 891.1647058823531]]}","{type=[[0.0, 869.1882352941178], [1.0, 21.976470588235294]]}","{type=[[0.0, 869.1882352941178], [1.0, 21.976470588235294]]}","{type=[[0.0, 42.345098039215685], [1.0, 848.8196078431375]]}","{type=[[0.0, 42.345098039215685], [1.0, 848.8196078431375]]}","{type=[[0.0, 64.32156862745099], [1.0, 826.8431372549022]]}",517937734,"{type=[[0.0, 891.1647058823531]]}","{type=[[0.0, 891.1647058823531]]}","{type=[[0.0, 891.1647058823531]]}",
000000000000000001ff,"{type=[[0.0, 894.1137254901962]]}","{type=[[0.0, 894.1137254901962]]}","{type=[[0.0, 894.1137254901962]]}","{type=[[0.0, 562.5568627450981], [1.0, 331.55686274509804]]}","{type=[[0.0, 562.5568627450981], [1.0, 331.55686274509804]]}","{type=[[0.0, 562.5568627450981], [1.0, 331.55686274509804]]}",518042708,"{type=[[0.0, 894.1137254901962]]}","{type=[[0.0, 894.1137254901962]]}","{type=[[0.0, 894.1137254901962]]}",
00000000000000000200,"{type=[[0.0, 885.760784313725], [1.0, 3.854901960784314]]}","{type=[[0.0, 879.7098039215682], [1.0, 9.905882352941177]]}","{type=[[0.0, 883.5647058823527], [1.0, 6.050980392156863]]}","{type=[[0.0, 244.61568627450987], [1.0, 644.9999999999997]]}","{type=[[0.0, 248.4705882352942], [1.0, 641.1450980392154]]}","{type=[[0.0, 254.52156862745107], [1.0, 635.0941176470586]]}",518147665,"{type=[[0.0, 889.6156862745095]]}","{type=[[0.0, 889.6156862745095]]}","{type=[[0.0, 889.6156862745095]]}",
00000000000000000201,"{type=[[0.0, 890.623529411765]]}","{type=[[0.0, 890.623529411765]]}","{type=[[0.0, 890.623529411765]]}","{type=[[0.0, 597.250980392157], [1.0, 293.3725490196079]]}","{type=[[0.0, 597.250980392157], [1.0, 293.3725490196079]]}","{type=[[0.0, 597.250980392157], [1.0, 293.3725490196079]]}",517970517,"{type=[[0.0, 890.623529411765]]}","{type=[[0.0, 890.623529411765]]}","{type=[[0.0, 890.623529411765]]}",
00000000000000000202,"{type=[[0.0, 892.1999999999998], [1.0, 4.0]]}","{type=[[0.0, 769.6666666666664], [1.0, 126.53333333333333]]}","{type=[[0.0, 773.6666666666664], [1.0, 122.53333333333333]]}","{type=[[0.0, 52.247058823529414], [1.0, 843.9529411764703]]}","{type=[[0.0, 56.247058823529414], [1.0, 839.9529411764703]]}","{type=[[0.0, 178.78039215686275], [1.0, 717.419607843137]]}",518449460,"{type=[[0.0, 896.1999999999998]]}","{type=[[0.0, 896.1999999999998]]}","{type=[[0.0, 896.1999999999998]]}",
00000000000000000203,"{type=[[0.0, 902.6862745098045], [1.0, 2.4156862745098038]]}","{type=[[0.0, 805.6784313725497], [1.0, 99.4235294117647]]}","{type=[[0.0, 808.0941176470593], [1.0, 97.0078431372549]]}","{type=[[0.0, 199.6823529411765], [1.0, 705.4196078431378]]}","{type=[[0.0, 202.09803921568633], [1.0, 703.003921568628]]}","{type=[[0.0, 299.1058823529412], [1.0, 605.9960784313729]]}",518718464,"{type=[[0.0, 905.1019607843144]]}","{type=[[0.0, 905.1019607843144]]}","{type=[[0.0, 905.1019607843144]]}",
00000000000000000204,"{type=[[0.0, 897.4039215686275], [1.0, 2.0]]}","{type=[[0.0, 897.4039215686275], [1.0, 2.0]]}","{type=[[0.0, 899.4039215686275]]}","{type=[[0.0, 32.9921568627451], [1.0, 866.4117647058824]]}","{type=[[0.0, 34.9921568627451], [1.0, 864.4117647058824]]}","{type=[[0.0, 34.9921568627451], [1.0, 864.4117647058824]]}",518626617,"{type=[[0.0, 899.4039215686275]]}","{type=[[0.0, 899.4039215686275]]}","{type=[[0.0, 899.4039215686275]]}",
00000000000000000205,"{type=[[0.0, 902.2235294117642]]}","{type=[[0.0, 899.1803921568624], [1.0, 3.0431372549019606]]}","{type=[[0.0, 899.1803921568624], [1.0, 3.0431372549019606]]}","{type=[[0.0, 603.6509803921568], [1.0, 298.57254901960795]]}","{type=[[0.0, 603.6509803921568], [1.0, 298.57254901960795]]}","{type=[[0.0, 606.6941176470588], [1.0, 295.5294117647059]]}",518646299,"{type=[[0.0, 902.2235294117642]]}","{type=[[0.0, 902.2235294117642]]}","{type=[[0.0, 902.2235294117642]]}",
00000000000000000206,"{type=[[0.0, 907.0078431372551]]}","{type=[[0.0, 899.164705882353], [1.0, 7.8431372549019605]]}","{type=[[0.0, 899.164705882353], [1.0, 7.8431372549019605]]}","{type=[[0.0, 4.0], [1.0, 903.0078431372548]]}","{type=[[0.0, 4.0], [1.0, 903.0078431372548]]}","{type=[[0.0, 11.843137254901961], [1.0, 895.164705882353]]}",519000641,"{type=[[0.0, 907.0078431372551]]}","{type=[[0.0, 907.0078431372551]]}","{type=[[0.0, 907.0078431372551]]}",
00000000000000000207,"{type=[[0.0, 886.4078431372552], [1.0, 20.0]]}","{type=[[0.0, 876.9098039215688], [1.0, 29.498039215686273]]}","{type=[[0.0, 896.9098039215688], [1.0, 9.498039215686275]]}","{type=[[0.0, 45.45098039215687], [1.0, 860.9568627450983]]}","{type=[[0.0, 65.45098039215686], [1.0, 840.9568627450983]]}","{type=[[0.0, 74.94901960784314], [1.0, 831.4588235294119]]}",519033440,"{type=[[0.0, 906.4078431372552]]}","{type=[[0.0, 906.4078431372552]]}","{type=[[0.0, 906.4078431372552]]}",
00000000000000000208,"{type=[[0.0, 729.5098039215688], [1.0, 178.35294117647058]]}","{type=[[0.0, 718.6392156862747], [1.0, 189.2235294117647]]}","{type=[[0.0, 896.9921568627452], [1.0, 10.870588235294118]]}","{type=[[0.0, 7.0], [1.0, 900.8627450980393]]}","{type=[[0.0, 185.35294117647058], [1.0, 722.5098039215688]]}","{type=[[0.0, 196.2235294117647], [1.0, 711.6392156862747]]}",519072806,"{type=[[0.0, 907.8627450980393]]}","{type=[[0.0, 907.8627450980393]]}","{type=[[0.0, 907.8627450980393]]}",
00000000000000000209,"{type=[[0.0, 858.7254901960783], [1.0, 48.13725490196079]]}","{type=[[0.0, 858.7254901960783], [1.0, 48.13725490196079]]}","{type=[[0.0, 906.8627450980391]]}","{type=[[0.0, 32.03921568627451], [1.0, 874.8235294117646]]}","{type=[[0.0, 80.17647058823529], [1.0, 826.6862745098038]]}","{type=[[0.0, 80.17647058823529], [1.0, 826.6862745098038]]}",519059685,"{type=[[0.0, 906.8627450980391]]}","{type=[[0.0, 906.8627450980391]]}","{type=[[0.0, 906.8627450980391]]}",
0000000000000000020a,"{type=[[0.0, 902.5764705882353]]}","{type=[[0.0, 902.5764705882353]]}","{type=[[0.0, 902.5764705882353]]}","{type=[[0.0, 838.0901960784313], [1.0, 64.48627450980392]]}","{type=[[0.0, 838.0901960784313], [1.0, 64.48627450980392]]}","{type=[[0.0, 838.0901960784313], [1.0, 64.48627450980392]]}",518659482,"{type=[[0.0, 902.5764705882353]]}","{type=[[0.0, 902.5764705882353]]}","{type=[[0.0, 902.5764705882353]]}",
0000000000000000020b,"{type=[[0.0, 896.9372549019611], [1.0, 1.1058823529411765]]}","{type=[[0.0, 896.9372549019611], [1.0, 1.1058823529411765]]}","{type=[[0.0, 898.0431372549021]]}","{type=[[0.0, 16.04705882352941], [1.0, 881.9960784313727]]}","{type=[[0.0, 17.152941176470588], [1.0, 880.8901960784316]]}","{type=[[0.0, 17.152941176470588], [1.0, 880.8901960784316]]}",518587312,"{type=[[0.0, 898.0431372549021]]}","{type=[[0.0, 898.0431372549021]]}","{type=[[0.0, 898.0431372549021]]}",
0000000000000000020c,"{type=[[0.0, 891.6862745098039]]}","{type=[[0.0, 891.6862745098039]]}","{type=[[0.0, 891.6862745098039]]}","{type=[[0.0, 874.4980392156863], [1.0, 17.188235294117646]]}","{type=[[0.0, 874.4980392156863], [1.0, 17.188235294117646]]}","{type=[[0.0, 874.4980392156863], [1.0, 17.188235294117646]]}",518200182,"{type=[[0.0, 891.6862745098039]]}","{type=[[0.0, 891.6862745098039]]}","{type=[[0.0, 891.6862745098039]]}",
0000000000000000020d,"{type=[[0.0, 886.3803921568629]]}","{type=[[0.0, 884.3803921568627], [1.0, 2.0]]}","{type=[[0.0, 884.3803921568627], [1.0, 2.0]]}","{type=[[0.0, 143.77647058823527], [1.0, 742.6039215686276]]}","{type=[[0.0, 143.77647058823527], [1.0, 742.6039215686276]]}","{type=[[0.0, 145.77647058823527], [1.0, 740.6039215686276]]}",518088655,"{type=[[0.0, 886.3803921568629]]}","{type=[[0.0, 886.3803921568629]]}","{type=[[0.0, 886.3803921568629]]}",
0000000000000000020e,"{type=[[0.0, 883.1176470588235]]}","{type=[[0.0, 881.156862745098], [1.0, 1.9607843137254901]]}","{type=[[0.0, 881.156862745098], [1.0, 1.9607843137254901]]}","{type=[[0.0, 106.67058823529413], [1.0, 776.4470588235292]]}","{type=[[0.0, 106.67058823529413], [1.0, 776.4470588235292]]}","{type=[[0.0, 108.63137254901963], [1.0, 774.4862745098037]]}",517832767,"{type=[[0.0, 883.1176470588235]]}","{type=[[0.0, 883.1176470588235]]}","{type=[[0.0, 883.1176470588235]]}",
0000000000000000020f,"{type=[[0.0, 893.0470588235294]]}","{type=[[0.0, 893.0470588235294]]}","{type=[[0.0, 893.0470588235294]]}","{type=[[0.0, 885.6156862745098], [1.0, 7.431372549019608]]}","{type=[[0.0, 885.6156862745098], [1.0, 7.431372549019608]]}","{type=[[0.0, 885.6156862745098], [1.0, 7.431372549019608]]}",518180525,"{type=[[0.0, 893.0470588235294]]}","{type=[[0.0, 893.0470588235294]]}","{type=[[0.0, 893.0470588235294]]}",
00000000000000000210,"{type=[[0.0, 890.992156862745], [1.0, 2.0]]}","{type=[[0.0, 881.18431372549], [1.0, 11.807843137254903]]}","{type=[[0.0, 883.18431372549], [1.0, 9.807843137254903]]}","{type=[[0.0, 182.18039215686278], [1.0, 710.8117647058823]]}","{type=[[0.0, 184.18039215686278], [1.0, 708.8117647058823]]}","{type=[[0.0, 193.9882352941177], [1.0, 699.0039215686273]]}",518233017,"{type=[[0.0, 892.992156862745]]}","{type=[[0.0, 892.992156862745]]}","{type=[[0.0, 892.992156862745]]}",
00000000000000000211,"{type=[[0.0, 888.0392156862744], [1.0, 2.7333333333333334]]}","{type=[[0.0, 861.8627450980391], [1.0, 28.909803921568628]]}","{type=[[0.0, 864.5960784313726], [1.0, 26.176470588235297]]}","{type=[[0.0, 42.25098039215686], [1.0, 848.521568627451]]}","{type=[[0.0, 44.98431372549019], [1.0, 845.7882352941176]]}","{type=[[0.0, 71.16078431372551], [1.0, 819.6117647058824]]}",518114917,"{type=[[0.0, 890.7725490196078]]}","{type=[[0.0, 890.7725490196078]]}","{type=[[0.0, 890.7725490196078]]}",
00000000000000000212,"{type=[[0.0, 891.8235294117644]]}","{type=[[0.0, 886.8235294117643], [1.0, 5.0]]}","{type=[[0.0, 886.8235294117643], [1.0, 5.0]]}","{type=[[0.0, 10.811764705882354], [1.0, 881.0117647058821]]}","{type=[[0.0, 10.811764705882354], [1.0, 881.0117647058821]]}","{type=[[0.0, 15.811764705882354], [1.0, 876.011764705882]]}",518160857,"{type=[[0.0, 891.8235294117644]]}","{type=[[0.0, 891.8235294117644]]}","{type=[[0.0, 891.8235294117644]]}",
00000000000000000213,"{type=[[0.0, 894.7764705882353], [1.0, 2.0]]}","{type=[[0.0, 894.7764705882353], [1.0, 2.0]]}","{type=[[0.0, 896.7764705882355]]}","{type=[[0.0, 2.576470588235294], [1.0, 894.2000000000002]]}","{type=[[0.0, 4.576470588235294], [1.0, 892.2000000000003]]}","{type=[[0.0, 4.576470588235294], [1.0, 892.2000000000003]]}",518351122,"{type=[[0.0, 896.7764705882355]]}","{type=[[0.0, 896.7764705882355]]}","{type=[[0.0, 896.7764705882355]]}",
00000000000000000214,"{type=[[0.0, 794.2117647058826], [1.0, 102.0]]}","{type=[[0.0, 794.2117647058826], [1.0, 102.0]]}","{type=[[0.0, 896.2117647058825]]}","{type=[[0.0, 30.0], [1.0, 866.2117647058825]]}","{type=[[0.0, 132.0], [1.0, 764.2117647058826]]}","{type=[[0.0, 132.0], [1.0, 764.2117647058826]]}",518508585,"{type=[[0.0, 896.2117647058825]]}","{type=[[0.0, 896.2117647058825]]}","{type=[[0.0, 896.2117647058825]]}",
00000000000000000215,"{type=[[0.0, 899.1803921568627]]}","{type=[[0.0, 899.1803921568627]]}","{type=[[0.0, 899.1803921568627]]}","{type=[[0.0, 484.58823529411774], [1.0, 414.59215686274507]]}","{type=[[0.0, 484.58823529411774], [1.0, 414.59215686274507]]}","{type=[[0.0, 484.58823529411774], [1.0, 414.59215686274507]]}",518626680,"{type=[[0.0, 899.1803921568627]]}","{type=[[0.0, 899.1803921568627]]}","{type=[[0.0, 899.1803921568627]]}",
00000000000000000216,"{type=[[0.0, 885.6470588235294], [1.0, 15.15294117647059]]}","{type=[[0.0, 841.929411764706], [1.0, 58.870588235294115]]}","{type=[[0.0, 857.0823529411766], [1.0, 43.71764705882353]]}","{type=[[0.0, 28.0], [1.0, 872.8000000000001]]}","{type=[[0.0, 43.15294117647059], [1.0, 857.6470588235294]]}","{type=[[0.0, 86.87058823529414], [1.0, 813.929411764706]]}",518790738,"{type=[[0.0, 900.8000000000001]]}","{type=[[0.0, 900.8000000000001]]}","{type=[[0.0, 900.8000000000001]]}",
00000000000000000217,"{type=[[0.0, 898.427450980392]]}","{type=[[0.0, 863.1490196078432], [1.0, 35.278431372549015]]}","{type=[[0.0, 863.1490196078432], [1.0, 35.278431372549015]]}","{type=[[0.0, 379.2509803921568], [1.0, 519.1764705882352]]}","{type=[[0.0, 379.2509803921568], [1.0, 519.1764705882352]]}","{type=[[0.0, 414.5294117647058], [1.0, 483.89803921568637]]}",518672646,"{type=[[0.0, 898.427450980392]]}","{type=[[0.0, 898.427450980392]]}","{type=[[0.0, 898.427450980392]]}",
00000000000000000218,"{type=[[0.0, 897.960784313726]]}","{type=[[0.0, 897.960784313726]]}","{type=[[0.0, 897.960784313726]]}","{type=[[0.0, 874.6431372549024], [1.0, 23.31764705882353]]}","{type=[[0.0, 874.6431372549024], [1.0, 23.31764705882353]]}","{type=[[0.0, 874.6431372549024], [1.0, 23.31764705882353]]}",518502050,"{type=[[0.0, 897.960784313726]]}","{type=[[0.0, 897.960784313726]]}","{type=[[0.0, 897.960784313726]]}",
00000000000000000000,"{type=[[0.0, 910.337254901961]]}","{type=[[0.0, 910.337254901961]]}","{type=[[0.0, 910.337254901961]]}","{type=[[0.0, 819.7568627450984], [1.0, 90.58039215686276]]}","{type=[[0.0, 819.7568627450984], [1.0, 90.58039215686276]]}","{type=[[0.0, 819.7568627450984], [1.0, 90.58039215686276]]}",519335266,"{type=[[0.0, 910.337254901961]]}","{type=[[0.0, 910.337254901961]]}","{type=[[0.0, 910.337254901961]]}",
00000000000000000001,"{type=[[0.0, 915.5764705882353]]}","{type=[[0.0, 915.5764705882353]]}","{type=[[0.0, 915.5764705882353]]}","{type=[[0.0, 915.5764705882353]]}","{type=[[0.0, 915.5764705882353]]}","{type=[[0.0, 915.5764705882353]]}",519630514,"{type=[[0.0, 915.5764705882353]]}","{type=[[0.0, 915.5764705882353]]}","{type=[[0.0, 915.5764705882353]]}",
00000000000000000002,"{type=[[0.0, 924.2274509803925]]}","{type=[[0.0, 923.9450980392156], [1.0, 0.2823529411764706]]}","{type=[[0.0, 923.9450980392156], [1.0, 0.2823529411764706]]}","{type=[[0.0, 46.33333333333335], [1.0, 877.8941176470591]]}","{type=[[0.0, 46.33333333333335], [1.0, 877.8941176470591]]}","{type=[[0.0, 46.61568627450982], [1.0, 877.6117647058827]]}",520122608,"{type=[[0.0, 924.2274509803925]]}","{type=[[0.0, 924.2274509803925]]}","{type=[[0.0, 924.2274509803925]]}",
00000000000000000003,"{type=[[0.0, 920.5607843137257]]}","{type=[[0.0, 916.5647058823531], [1.0, 3.996078431372549]]}","{type=[[0.0, 916.5647058823531], [1.0, 3.996078431372549]]}","{type=[[0.0, 373.26274509803915], [1.0, 547.2980392156866]]}","{type=[[0.0, 373.26274509803915], [1.0, 547.2980392156866]]}","{type=[[0.0, 377.2588235294117], [1.0, 543.301960784314]]}",520129173,"{type=[[0.0, 920.5607843137257]]}","{type=[[0.0, 920.5607843137257]]}","{type=[[0.0, 920.5607843137257]]}",
00000000000000000004,"{type=[[0.0, 910.7450980392159]]}","{type=[[0.0, 910.7450980392159]]}","{type=[[0.0, 910.7450980392159]]}","{type=[[0.0, 91.66274509803921], [1.0, 819.0823529411766]]}","{type=[[0.0, 91.66274509803921], [1.0, 819.0823529411766]]}","{type=[[0.0, 91.66274509803921], [1.0, 819.0823529411766]]}",519617412,"{type=[[0.0, 910.7450980392159]]}","{type=[[0.0, 910.7450980392159]]}","{type=[[0.0, 910.7450980392159]]}",
00000000000000000005,"{type=[[0.0, 892.8235294117649], [1.0, 19.105882352941176]]}","{type=[[0.0, 887.8039215686276], [1.0, 24.12549019607843]]}","{type=[[0.0, 906.9098039215688], [1.0, 5.019607843137255]]}","{type=[[0.0, 138.22745098039215], [1.0, 773.7019607843138]]}","{type=[[0.0, 157.33333333333331], [1.0, 754.5960784313726]]}","{type=[[0.0, 162.35294117647058], [1.0, 749.5764705882353]]}",519702714,"{type=[[0.0, 911.9294117647062]]}","{type=[[0.0, 911.9294117647062]]}","{type=[[0.0, 911.9294117647062]]}",
00000000000000000006,"{type=[[0.0, 920.7882352941177]]}","{type=[[0.0, 920.7882352941177]]}","{type=[[0.0, 920.7882352941177]]}","{type=[[0.0, 920.7882352941177]]}","{type=[[0.0, 920.7882352941177]]}","{type=[[0.0, 920.7882352941177]]}",519912685,"{type=[[0.0, 920.7882352941177]]}","{type=[[0.0, 920.7882352941177]]}","{type=[[0.0, 920.7882352941177]]}",
00000000000000000007,"{type=[[0.0, 914.7176470588239]]}","{type=[[0.0, 914.7176470588239]]}","{type=[[0.0, 914.7176470588239]]}","{type=[[0.0, 914.7176470588239]]}","{type=[[0.0, 914.7176470588239]]}","{type=[[0.0, 914.7176470588239]]}",519709286,"{type=[[0.0, 914.7176470588239]]}","{type=[[0.0, 914.7176470588239]]}","{type=[[0.0, 914.7176470588239]]}",
00000000000000000008,"{type=[[0.0, 920.1058823529412]]}","{type=[[0.0, 920.1058823529412]]}","{type=[[0.0, 920.1058823529412]]}","{type=[[0.0, 149.89019607843136], [1.0, 770.2156862745098]]}","{type=[[0.0, 149.89019607843136], [1.0, 770.2156862745098]]}","{type=[[0.0, 149.89019607843136], [1.0, 770.2156862745098]]}",519833963,"{type=[[0.0, 920.1058823529412]]}","{type=[[0.0, 920.1058823529412]]}","{type=[[0.0, 920.1058823529412]]}",
00000000000000000009,"{type=[[0.0, 915.5137254901963]]}","{type=[[0.0, 915.5137254901963]]}","{type=[[0.0, 915.5137254901963]]}","{type=[[0.0, 795.9372549019611], [1.0, 119.5764705882353]]}","{type=[[0.0, 795.9372549019611], [1.0, 119.5764705882353]]}","{type=[[0.0, 795.9372549019611], [1.0, 119.5764705882353]]}",519866776,"{type=[[0.0, 915.5137254901963]]}","{type=[[0.0, 915.5137254901963]]}","{type=[[0.0, 915.5137254901963]]}",
0000000000000000000a,"{type=[[0.0, 920.7411764705879]]}","{type=[[0.0, 920.7411764705879]]}","{type=[[0.0, 920.7411764705879]]}","{type=[[0.0, 920.7411764705879]]}","{type=[[0.0, 920.7411764705879]]}","{type=[[0.0, 920.7411764705879]]}",519978296,"{type=[[0.0, 920.7411764705879]]}","{type=[[0.0, 920.7411764705879]]}","{type=[[0.0, 920.7411764705879]]}",
00000000000000000013,"{type=[[0.0, 919.7843137254902]]}","{type=[[0.0, 919.7843137254902]]}","{type=[[0.0, 919.7843137254902]]}","{type=[[0.0, 16.564705882352943], [1.0, 903.2196078431373]]}","{type=[[0.0, 16.564705882352943], [1.0, 903.2196078431373]]}","{type=[[0.0, 16.564705882352943], [1.0, 903.2196078431373]]}",520096355,"{type=[[0.0, 919.7843137254902]]}","{type=[[0.0, 919.7843137254902]]}","{type=[[0.0, 919.7843137254902]]}",
00000000000000000014,"{type=[[0.0, 876.7607843137257], [1.0, 46.0]]}","{type=[[0.0, 871.7450980392159], [1.0, 51.015686274509804]]}","{type=[[0.0, 917.7450980392159], [1.0, 5.015686274509804]]}","{type=[[0.0, 8.92156862745098], [1.0, 913.8392156862747]]}","{type=[[0.0, 54.92156862745098], [1.0, 867.8392156862748]]}","{type=[[0.0, 59.937254901960785], [1.0, 862.823529411765]]}",520148836,"{type=[[0.0, 922.7607843137257]]}","{type=[[0.0, 922.7607843137257]]}","{type=[[0.0, 922.7607843137257]]}",
00000000000000000016,"{type=[[0.0, 924.7960784313725]]}","{type=[[0.0, 896.6235294117647], [1.0, 28.172549019607843]]}","{type=[[0.0, 896.6235294117647], [1.0, 28.172549019607843]]}","{type=[[0.0, 183.5450980392158], [1.0, 741.250980392157]]}","{type=[[0.0, 183.5450980392158], [1.0, 741.250980392157]]}","{type=[[0.0, 211.7176470588236], [1.0, 713.0784313725492]]}",520161952,"{type=[[0.0, 924.7960784313725]]}","{type=[[0.0, 924.7960784313725]]}","{type=[[0.0, 924.7960784313725]]}",
0000000000000000001a,"{type=[[0.0, 905.4901960784314], [1.0, 10.23529411764706]]}","{type=[[0.0, 905.4901960784314], [1.0, 10.23529411764706]]}","{type=[[0.0, 915.7254901960783]]}","{type=[[0.0, 486.1999999999999], [1.0, 429.52549019607835]]}","{type=[[0.0, 496.435294117647], [1.0, 419.29019607843134]]}","{type=[[0.0, 496.435294117647], [1.0, 419.29019607843134]]}",519787962,"{type=[[0.0, 915.7254901960783]]}","{type=[[0.0, 915.7254901960783]]}","{type=[[0.0, 915.7254901960783]]}",
0000000000000000001b,"{type=[[0.0, 909.7686274509805]]}","{type=[[0.0, 884.6941176470588], [1.0, 25.074509803921572]]}","{type=[[0.0, 884.6941176470588], [1.0, 25.074509803921572]]}","{type=[[0.0, 46.8], [1.0, 862.9686274509804]]}","{type=[[0.0, 46.8], [1.0, 862.9686274509804]]}","{type=[[0.0, 71.87450980392157], [1.0, 837.8941176470588]]}",519263071,"{type=[[0.0, 909.7686274509805]]}","{type=[[0.0, 909.7686274509805]]}","{type=[[0.0, 909.7686274509805]]}",
0000000000000000001c,"{type=[[0.0, 908.0196078431372], [1.0, 4.0]]}","{type=[[0.0, 905.5647058823529], [1.0, 6.454901960784314]]}","{type=[[0.0, 909.5647058823529], [1.0, 2.454901960784314]]}","{type=[[0.0, 4.101960784313725], [1.0, 907.9176470588236]]}","{type=[[0.0, 8.101960784313725], [1.0, 903.9176470588235]]}","{type=[[0.0, 10.556862745098039], [1.0, 901.4627450980391]]}",519328665,"{type=[[0.0, 912.0196078431372]]}","{type=[[0.0, 912.0196078431372]]}","{type=[[0.0, 912.0196078431372]]}",
0000000000000000001d,"{type=[[0.0, 909.2705882352948], [1.0, 0.27058823529411763]]}","{type=[[0.0, 901.2705882352948], [1.0, 8.270588235294117]]}","{type=[[0.0, 901.5411764705887], [1.0, 8.0]]}","{type=[[0.0, 7.694117647058824], [1.0, 901.84705882353]]}","{type=[[0.0, 7.964705882352941], [1.0, 901.5764705882359]]}","{type=[[0.0, 15.96470588235294], [1.0, 893.5764705882359]]}",519335222,"{type=[[0.0, 909.5411764705889]]}","{type=[[0.0, 909.5411764705889]]}","{type=[[0.0, 909.5411764705889]]}",
0000000000000000001e,"{type=[[0.0, 914.1137254901961]]}","{type=[[0.0, 914.1137254901961]]}","{type=[[0.0, 914.1137254901961]]}","{type=[[0.0, 833.8941176470587], [1.0, 80.21960784313725]]}","{type=[[0.0, 833.8941176470587], [1.0, 80.21960784313725]]}","{type=[[0.0, 833.8941176470587], [1.0, 80.21960784313725]]}",519394260,"{type=[[0.0, 914.1137254901961]]}","{type=[[0.0, 914.1137254901961]]}","{type=[[0.0, 914.1137254901961]]}",
0000000000000000001f,"{type=[[0.0, 911.5568627450984]]}","{type=[[0.0, 911.5568627450984]]}","{type=[[0.0, 911.5568627450984]]}","{type=[[0.0, 908.6862745098042], [1.0, 2.8705882352941177]]}","{type=[[0.0, 908.6862745098042], [1.0, 2.8705882352941177]]}","{type=[[0.0, 908.6862745098042], [1.0, 2.8705882352941177]]}",519177749,"{type=[[0.0, 911.5568627450984]]}","{type=[[0.0, 911.5568627450984]]}","{type=[[0.0, 911.5568627450984]]}",
00000000000000000020,"{type=[[0.0, 883.1529411764706]]}","{type=[[0.0, 866.1529411764703], [1.0, 17.0]]}","{type=[[0.0, 866.1529411764703], [1.0, 17.0]]}","{type=[[0.0, 348.2509803921569], [1.0, 534.9019607843138]]}","{type=[[0.0, 348.2509803921569], [1.0, 534.9019607843138]]}","{type=[[0.0, 365.2509803921569], [1.0, 517.9019607843139]]}",517406233,"{type=[[0.0, 883.1529411764706]]}","{type=[[0.0, 883.1529411764706]]}","{type=[[0.0, 883.1529411764706]]}",
00000000000000000021,"{type=[[0.0, 889.0431372549018]]}","{type=[[0.0, 887.713725490196], [1.0, 1.3294117647058825]]}","{type=[[0.0, 887.713725490196], [1.0, 1.3294117647058825]]}","{type=[[0.0, 155.40000000000003], [1.0, 733.6431372549021]]}","{type=[[0.0, 155.40000000000003], [1.0, 733.6431372549021]]}","{type=[[0.0, 156.7294117647059], [1.0, 732.3137254901961]]}",517609637,"{type=[[0.0, 889.0431372549018]]}","{type=[[0.0, 889.0431372549018]]}","{type=[[0.0, 889.0431372549018]]}",
0000000000000000005b,"{type=[[0.0, 899.8666666666661]]}","{type=[[0.0, 899.8666666666661]]}","{type=[[0.0, 899.8666666666661]]}","{type=[[0.0, 500.9019607843137], [1.0, 398.9647058823531]]}","{type=[[0.0, 500.9019607843137], [1.0, 398.9647058823531]]}","{type=[[0.0, 493.9019607843137], [1.0, 405.9647058823531]]}",518436330,"{type=[[0.0, 899.8666666666661]]}","{type=[[0.0, 892.8666666666662], [1.0, 7.0]]}","{type=[[0.0, 892.8666666666662], [1.0, 7.0]]}",
0000000000000000005c,"{type=[[0.0, 903.0039215686273], [1.0, 20.305882352941175]]}","{type=[[0.0, 887.9529411764705], [1.0, 35.35686274509804]]}","{type=[[0.0, 908.2588235294118], [1.0, 15.050980392156863]]}","{type=[[0.0, 22.16862745098039], [1.0, 901.1411764705882]]}","{type=[[0.0, 42.47450980392157], [1.0, 880.835294117647]]}","{type=[[0.0, 57.52549019607844], [1.0, 865.7843137254902]]}",519958512,"{type=[[0.0, 923.3098039215685]]}","{type=[[0.0, 923.3098039215685]]}","{type=[[0.0, 923.3098039215685]]}",
0000000000000000005d,"{type=[[0.0, 896.5647058823524], [1.0, 7.4980392156862745]]}","{type=[[0.0, 846.1764705882348], [1.0, 57.886274509803926]]}","{type=[[0.0, 853.6745098039211], [1.0, 50.38823529411765]]}","{type=[[0.0, 49.31372549019608], [1.0, 854.7490196078427]]}","{type=[[0.0, 56.811764705882354], [1.0, 847.2509803921564]]}","{type=[[0.0, 107.2], [1.0, 796.8627450980388]]}",518790623,"{type=[[0.0, 904.0627450980387]]}","{type=[[0.0, 904.0627450980387]]}","{type=[[0.0, 904.0627450980387]]}",
0000000000000000005e,"{type=[[0.0, 922.6941176470591]]}","{type=[[0.0, 922.6941176470591]]}","{type=[[0.0, 922.6941176470591]]}","{type=[[0.0, 34.7686274509804], [1.0, 887.9254901960785]]}","{type=[[0.0, 34.7686274509804], [1.0, 887.9254901960785]]}","{type=[[0.0, 34.7686274509804], [1.0, 887.9254901960785]]}",520063477,"{type=[[0.0, 922.6941176470591]]}","{type=[[0.0, 922.6941176470591]]}","{type=[[0.0, 922.6941176470591]]}",
0000000000000000005f,"{type=[[0.0, 818.2627450980392], [1.0, 82.09019607843138]]}","{type=[[0.0, 738.7921568627452], [1.0, 161.5607843137255]]}","{type=[[0.0, 820.8823529411766], [1.0, 79.47058823529412]]}","{type=[[0.0, 444.03921568627453], [1.0, 456.31372549019625]]}","{type=[[0.0, 526.1294117647059], [1.0, 374.2235294117649]]}","{type=[[0.0, 605.6], [1.0, 294.75294117647064]]}",518383835,"{type=[[0.0, 900.3529411764707]]}","{type=[[0.0, 900.3529411764707]]}","{type=[[0.0, 900.3529411764707]]}",
00000000000000000060,"{type=[[0.0, 879.6431372549021], [1.0, 7.96078431372549]]}","{type=[[0.0, 865.6431372549021], [1.0, 21.96078431372549]]}","{type=[[0.0, 873.6039215686276], [1.0, 14.0]]}","{type=[[0.0, 15.760784313725491], [1.0, 871.8431372549021]]}","{type=[[0.0, 23.721568627450985], [1.0, 863.8823529411767]]}","{type=[[0.0, 37.721568627450985], [1.0, 849.8823529411767]]}",517721167,"{type=[[0.0, 887.6039215686276]]}","{type=[[0.0, 887.6039215686276]]}","{type=[[0.0, 887.6039215686276]]}",
00000000000000000061,"{type=[[0.0, 879.3725490196075], [1.0, 4.792156862745098]]}","{type=[[0.0, 861.3725490196073], [1.0, 22.7921568627451]]}","{type=[[0.0, 866.1647058823526], [1.0, 18.0]]}","{type=[[0.0, 187.38039215686277], [1.0, 696.7843137254899]]}","{type=[[0.0, 192.17254901960789], [1.0, 691.9921568627448]]}","{type=[[0.0, 210.17254901960786], [1.0, 673.9921568627448]]}",517229082,"{type=[[0.0, 884.1647058823527]]}","{type=[[0.0, 884.1647058823527]]}","{type=[[0.0, 884.1647058823527]]}",
